,id,link_id
0,fg50cot,t3_ewwlpz
1,fg50cpv,t3_ewwf6o
2,fg50cu5,t3_ewwlpz
3,fg50czm,t3_evufxl
4,fg50d06,t3_ewwlpz
5,fg50deg,t3_ewir82
6,fg50dfx,t3_ewv574
7,fg50dgw,t3_ewwf6o
8,fg50dgx,t3_ewwogd
9,fg50dh4,t3_ewvm77
10,fg50djs,t3_ewv574
11,fg50dv4,t3_ewwf6o
12,fg50dv8,t3_ewv574
13,fg50dzw,t3_ewv574
14,fg50e0l,t3_ewwlpz
15,fg50e1d,t3_ewwswo
16,fg50e5x,t3_ewwlpz
17,fg50e64,t3_ewwf6o
18,fg50e6n,t3_ewwlpz
19,fg50e7b,t3_ewwf6o
20,fg50e7q,t3_ewon5a
21,fg50e8v,t3_ewwwyq
22,fg50e9l,t3_ewo78l
23,fg50edj,t3_ewwogd
24,fg50eir,t3_ewwtrg
25,fg50eiz,t3_ewwlpz
26,fg50ekg,t3_ewon5a
27,fg50eol,t3_ewv574
28,fg50ep8,t3_ewnbdm
29,fg50eq3,t3_ewwf6o
30,fg50eqa,t3_ewwf6o
31,fg50exr,t3_ewrstl
32,fg50eym,t3_ewv574
33,fg50eyy,t3_eui9ui
34,fg50f1h,t3_ewwf6o
35,fg50f1x,t3_ewwio6
36,fg50f26,t3_ewwf6o
37,fg50f28,t3_ewwf6o
38,fg50f36,t3_ewwlpz
39,fg50f6u,t3_ewiovg
40,fg50f8v,t3_ewwect
41,fg50fa8,t3_ewwlpz
42,fg50fco,t3_ewon5a
43,fg50fft,t3_ewv574
44,fg50fia,t3_ewwf6o
45,fg50fix,t3_ewv574
46,fg50fj4,t3_ewwf6o
47,fg50fjq,t3_ewnigu
48,fg50fmp,t3_ewwf4o
49,fg50fmt,t3_ewon5a
50,fg50fn2,t3_ewwogd
51,fg50fpr,t3_ewiovg
52,fg50fth,t3_ewwlpz
53,fg50fvl,t3_ewwgd0
54,fg50fxa,t3_ewx3cs
55,fg50fz3,t3_ewv574
56,fg50fzn,t3_ewv574
57,fg50g41,t3_eui9ui
58,fg50g4q,t3_ewwio6
59,fg50gcl,t3_ew83bl
60,fg50gcz,t3_ewwlpz
61,fg50gg4,t3_ewwf6o
62,fg50ggl,t3_ewwf6o
63,fg50gk9,t3_ewv574
64,fg50gnn,t3_ewxhk0
65,fg50gso,t3_ewsv7x
66,fg50gta,t3_ewrstl
67,fg50gti,t3_ewvm77
68,fg50gvd,t3_ewwlpz
69,fg50gve,t3_ewiovg
70,fg50gvv,t3_ewv574
71,fg50h0f,t3_ewwlpz
72,fg50h47,t3_ewv574
73,fg50h8v,t3_ewwlpz
74,fg50ha4,t3_ewwh6h
75,fg50hcx,t3_eww7ip
76,fg50hdf,t3_eui9ui
77,fg50hdv,t3_ewv574
78,fg50hew,t3_ewwect
79,fg50hl3,t3_ewv574
80,fg50hqc,t3_ewwf6o
81,fg50hqv,t3_ewwlpz
82,fg50hsk,t3_ewwlpz
83,fg50hsy,t3_ewv574
84,fg50hvk,t3_ewdpdz
85,fg50hw0,t3_ewwtrg
86,fg50hxj,t3_ewwect
87,fg50hxy,t3_ewv574
88,fg50i6i,t3_evufxl
89,fg50i7b,t3_ewwf6o
90,fg50ibv,t3_ewv574
91,fg50ig6,t3_ewv574
92,fg50ih0,t3_ewv574
93,fg50ijy,t3_ewwlpz
94,fg50ika,t3_ewv574
95,fg50ilr,t3_ewwf6o
96,fg50ini,t3_ewon5a
97,fg50ip9,t3_ewiovg
98,fg50ipy,t3_ewwlpz
99,fg50j0u,t3_ewv574
100,fg50cot,t3_ewwlpz
101,fg50cpv,t3_ewwf6o
102,fg50cu5,t3_ewwlpz
103,fg50czm,t3_evufxl
104,fg50d06,t3_ewwlpz
105,fg50deg,t3_ewir82
106,fg50dfx,t3_ewv574
107,fg50dgw,t3_ewwf6o
108,fg50dgx,t3_ewwogd
109,fg50dh4,t3_ewvm77
110,fg50djs,t3_ewv574
111,fg50dv4,t3_ewwf6o
112,fg50dv8,t3_ewv574
113,fg50dzw,t3_ewv574
114,fg50e0l,t3_ewwlpz
115,fg50e1d,t3_ewwswo
116,fg50e5x,t3_ewwlpz
117,fg50e64,t3_ewwf6o
118,fg50e6n,t3_ewwlpz
119,fg50e7b,t3_ewwf6o
120,fg50e7q,t3_ewon5a
121,fg50e8v,t3_ewwwyq
122,fg50e9l,t3_ewo78l
123,fg50edj,t3_ewwogd
124,fg50eir,t3_ewwtrg
125,fg50eiz,t3_ewwlpz
126,fg50ekg,t3_ewon5a
127,fg50eol,t3_ewv574
128,fg50ep8,t3_ewnbdm
129,fg50eq3,t3_ewwf6o
130,fg50eqa,t3_ewwf6o
131,fg50exr,t3_ewrstl
132,fg50eym,t3_ewv574
133,fg50eyy,t3_eui9ui
134,fg50f1h,t3_ewwf6o
135,fg50f1x,t3_ewwio6
136,fg50f26,t3_ewwf6o
137,fg50f28,t3_ewwf6o
138,fg50f36,t3_ewwlpz
139,fg50f6u,t3_ewiovg
140,fg50f8v,t3_ewwect
141,fg50fa8,t3_ewwlpz
142,fg50fco,t3_ewon5a
143,fg50fft,t3_ewv574
144,fg50fia,t3_ewwf6o
145,fg50fix,t3_ewv574
146,fg50fj4,t3_ewwf6o
147,fg50fjq,t3_ewnigu
148,fg50fmp,t3_ewwf4o
149,fg50fmt,t3_ewon5a
150,fg50fn2,t3_ewwogd
151,fg50fpr,t3_ewiovg
152,fg50fth,t3_ewwlpz
153,fg50fvl,t3_ewwgd0
154,fg50fxa,t3_ewx3cs
155,fg50fz3,t3_ewv574
156,fg50fzn,t3_ewv574
157,fg50g41,t3_eui9ui
158,fg50g4q,t3_ewwio6
159,fg50gcl,t3_ew83bl
160,fg50gcz,t3_ewwlpz
161,fg50gg4,t3_ewwf6o
162,fg50ggl,t3_ewwf6o
163,fg50gk9,t3_ewv574
164,fg50gnn,t3_ewxhk0
165,fg50gso,t3_ewsv7x
166,fg50gta,t3_ewrstl
167,fg50gti,t3_ewvm77
168,fg50gvd,t3_ewwlpz
169,fg50gve,t3_ewiovg
170,fg50gvv,t3_ewv574
171,fg50h0f,t3_ewwlpz
172,fg50h47,t3_ewv574
173,fg50h8v,t3_ewwlpz
174,fg50ha4,t3_ewwh6h
175,fg50hcx,t3_eww7ip
176,fg50hdf,t3_eui9ui
177,fg50hdv,t3_ewv574
178,fg50hew,t3_ewwect
179,fg50hl3,t3_ewv574
180,fg50hqc,t3_ewwf6o
181,fg50hqv,t3_ewwlpz
182,fg50hsk,t3_ewwlpz
183,fg50hsy,t3_ewv574
184,fg50hvk,t3_ewdpdz
185,fg50hw0,t3_ewwtrg
186,fg50hxj,t3_ewwect
187,fg50hxy,t3_ewv574
188,fg50i6i,t3_evufxl
189,fg50i7b,t3_ewwf6o
190,fg50ibv,t3_ewv574
191,fg50ig6,t3_ewv574
192,fg50ih0,t3_ewv574
193,fg50ijy,t3_ewwlpz
194,fg50ika,t3_ewv574
195,fg50ilr,t3_ewwf6o
196,fg50ini,t3_ewon5a
197,fg50ip9,t3_ewiovg
198,fg50ipy,t3_ewwlpz
199,fg50cot,t3_ewwlpz
200,fg50cpv,t3_ewwf6o
201,fg50cu5,t3_ewwlpz
202,fg50czm,t3_evufxl
203,fg50d06,t3_ewwlpz
204,fg50deg,t3_ewir82
205,fg50dfx,t3_ewv574
206,fg50dgw,t3_ewwf6o
207,fg50dgx,t3_ewwogd
208,fg50dh4,t3_ewvm77
209,fg50djs,t3_ewv574
210,fg50dv4,t3_ewwf6o
211,fg50dv8,t3_ewv574
212,fg50dzw,t3_ewv574
213,fg50e0l,t3_ewwlpz
214,fg50e1d,t3_ewwswo
215,fg50e5x,t3_ewwlpz
216,fg50e64,t3_ewwf6o
217,fg50e6n,t3_ewwlpz
218,fg50e7b,t3_ewwf6o
219,fg50e7q,t3_ewon5a
220,fg50e8v,t3_ewwwyq
221,fg50e9l,t3_ewo78l
222,fg50edj,t3_ewwogd
223,fg50eir,t3_ewwtrg
224,fg50eiz,t3_ewwlpz
225,fg50ekg,t3_ewon5a
226,fg50eol,t3_ewv574
227,fg50ep8,t3_ewnbdm
228,fg50eq3,t3_ewwf6o
229,fg50eqa,t3_ewwf6o
230,fg50exr,t3_ewrstl
231,fg50eym,t3_ewv574
232,fg50eyy,t3_eui9ui
233,fg50f1h,t3_ewwf6o
234,fg50f1x,t3_ewwio6
235,fg50f26,t3_ewwf6o
236,fg50f28,t3_ewwf6o
237,fg50f36,t3_ewwlpz
238,fg50f6u,t3_ewiovg
239,fg50f8v,t3_ewwect
240,fg50fa8,t3_ewwlpz
241,fg50fco,t3_ewon5a
242,fg50fft,t3_ewv574
243,fg50fia,t3_ewwf6o
244,fg50fix,t3_ewv574
245,fg50fj4,t3_ewwf6o
246,fg50fjq,t3_ewnigu
247,fg50fmp,t3_ewwf4o
248,fg50fmt,t3_ewon5a
249,fg50fn2,t3_ewwogd
250,fg50fpr,t3_ewiovg
251,fg50fth,t3_ewwlpz
252,fg50fvl,t3_ewwgd0
253,fg50fxa,t3_ewx3cs
254,fg50fz3,t3_ewv574
255,fg50fzn,t3_ewv574
256,fg50g41,t3_eui9ui
257,fg50g4q,t3_ewwio6
258,fg50gcl,t3_ew83bl
259,fg50gcz,t3_ewwlpz
260,fg50gg4,t3_ewwf6o
261,fg50ggl,t3_ewwf6o
262,fg50gk9,t3_ewv574
263,fg50gnn,t3_ewxhk0
264,fg50gso,t3_ewsv7x
265,fg50gta,t3_ewrstl
266,fg50gti,t3_ewvm77
267,fg50gvd,t3_ewwlpz
268,fg50gve,t3_ewiovg
269,fg50gvv,t3_ewv574
270,fg50h0f,t3_ewwlpz
271,fg50h47,t3_ewv574
272,fg50h8v,t3_ewwlpz
273,fg50ha4,t3_ewwh6h
274,fg50hcx,t3_eww7ip
275,fg50hdf,t3_eui9ui
276,fg50hdv,t3_ewv574
277,fg50hew,t3_ewwect
278,fg50hl3,t3_ewv574
279,fg50hqc,t3_ewwf6o
280,fg50hqv,t3_ewwlpz
281,fg50hsk,t3_ewwlpz
282,fg50hsy,t3_ewv574
283,fg50hvk,t3_ewdpdz
284,fg50hw0,t3_ewwtrg
285,fg50hxj,t3_ewwect
286,fg50hxy,t3_ewv574
287,fg50i6i,t3_evufxl
288,fg50i7b,t3_ewwf6o
289,fg50ibv,t3_ewv574
290,fg50ig6,t3_ewv574
291,fg50ih0,t3_ewv574
292,fg50ijy,t3_ewwlpz
293,fg50ika,t3_ewv574
294,fg50ilr,t3_ewwf6o
295,fg50ini,t3_ewon5a
296,fg50ip9,t3_ewiovg
297,fg50cot,t3_ewwlpz
298,fg50cpv,t3_ewwf6o
299,fg50cu5,t3_ewwlpz
300,fg50czm,t3_evufxl
301,fg50d06,t3_ewwlpz
302,fg50deg,t3_ewir82
303,fg50dfx,t3_ewv574
304,fg50dgw,t3_ewwf6o
305,fg50dgx,t3_ewwogd
306,fg50dh4,t3_ewvm77
307,fg50djs,t3_ewv574
308,fg50dv4,t3_ewwf6o
309,fg50dv8,t3_ewv574
310,fg50dzw,t3_ewv574
311,fg50e0l,t3_ewwlpz
312,fg50e1d,t3_ewwswo
313,fg50e5x,t3_ewwlpz
314,fg50e64,t3_ewwf6o
315,fg50e6n,t3_ewwlpz
316,fg50e7b,t3_ewwf6o
317,fg50e7q,t3_ewon5a
318,fg50e8v,t3_ewwwyq
319,fg50e9l,t3_ewo78l
320,fg50edj,t3_ewwogd
321,fg50eir,t3_ewwtrg
322,fg50eiz,t3_ewwlpz
323,fg50ekg,t3_ewon5a
324,fg50eol,t3_ewv574
325,fg50ep8,t3_ewnbdm
326,fg50eq3,t3_ewwf6o
327,fg50eqa,t3_ewwf6o
328,fg50exr,t3_ewrstl
329,fg50eym,t3_ewv574
330,fg50eyy,t3_eui9ui
331,fg50f1h,t3_ewwf6o
332,fg50f1x,t3_ewwio6
333,fg50f26,t3_ewwf6o
334,fg50f28,t3_ewwf6o
335,fg50f36,t3_ewwlpz
336,fg50f6u,t3_ewiovg
337,fg50f8v,t3_ewwect
338,fg50fa8,t3_ewwlpz
339,fg50fco,t3_ewon5a
340,fg50fft,t3_ewv574
341,fg50fia,t3_ewwf6o
342,fg50fix,t3_ewv574
343,fg50fj4,t3_ewwf6o
344,fg50fjq,t3_ewnigu
345,fg50fmp,t3_ewwf4o
346,fg50fmt,t3_ewon5a
347,fg50fn2,t3_ewwogd
348,fg50fpr,t3_ewiovg
349,fg50fth,t3_ewwlpz
350,fg50fvl,t3_ewwgd0
351,fg50fxa,t3_ewx3cs
352,fg50fz3,t3_ewv574
353,fg50fzn,t3_ewv574
354,fg50g41,t3_eui9ui
355,fg50g4q,t3_ewwio6
356,fg50gcl,t3_ew83bl
357,fg50gcz,t3_ewwlpz
358,fg50gg4,t3_ewwf6o
359,fg50ggl,t3_ewwf6o
360,fg50gk9,t3_ewv574
361,fg50gnn,t3_ewxhk0
362,fg50gso,t3_ewsv7x
363,fg50gta,t3_ewrstl
364,fg50gti,t3_ewvm77
365,fg50gvd,t3_ewwlpz
366,fg50gve,t3_ewiovg
367,fg50gvv,t3_ewv574
368,fg50h0f,t3_ewwlpz
369,fg50h47,t3_ewv574
370,fg50h8v,t3_ewwlpz
371,fg50ha4,t3_ewwh6h
372,fg50hcx,t3_eww7ip
373,fg50hdf,t3_eui9ui
374,fg50hdv,t3_ewv574
375,fg50hew,t3_ewwect
376,fg50hl3,t3_ewv574
377,fg50hqc,t3_ewwf6o
378,fg50hqv,t3_ewwlpz
379,fg50hsk,t3_ewwlpz
380,fg50hsy,t3_ewv574
381,fg50hvk,t3_ewdpdz
382,fg50hw0,t3_ewwtrg
383,fg50hxj,t3_ewwect
384,fg50hxy,t3_ewv574
385,fg50i6i,t3_evufxl
386,fg50i7b,t3_ewwf6o
387,fg50ibv,t3_ewv574
388,fg50ig6,t3_ewv574
389,fg50ih0,t3_ewv574
390,fg50ijy,t3_ewwlpz
391,fg50ika,t3_ewv574
392,fg50ilr,t3_ewwf6o
393,fg50cot,t3_ewwlpz
394,fg50cpv,t3_ewwf6o
395,fg50cu5,t3_ewwlpz
396,fg50czm,t3_evufxl
397,fg50d06,t3_ewwlpz
398,fg50deg,t3_ewir82
399,fg50dfx,t3_ewv574
400,fg50dgw,t3_ewwf6o
401,fg50dgx,t3_ewwogd
402,fg50dh4,t3_ewvm77
403,fg50djs,t3_ewv574
404,fg50dv4,t3_ewwf6o
405,fg50dv8,t3_ewv574
406,fg50dzw,t3_ewv574
407,fg50e0l,t3_ewwlpz
408,fg50e1d,t3_ewwswo
409,fg50e5x,t3_ewwlpz
410,fg50e64,t3_ewwf6o
411,fg50e6n,t3_ewwlpz
412,fg50e7b,t3_ewwf6o
413,fg50e7q,t3_ewon5a
414,fg50e8v,t3_ewwwyq
415,fg50e9l,t3_ewo78l
416,fg50edj,t3_ewwogd
417,fg50eir,t3_ewwtrg
418,fg50eiz,t3_ewwlpz
419,fg50ekg,t3_ewon5a
420,fg50eol,t3_ewv574
421,fg50ep8,t3_ewnbdm
422,fg50eq3,t3_ewwf6o
423,fg50eqa,t3_ewwf6o
424,fg50exr,t3_ewrstl
425,fg50eym,t3_ewv574
426,fg50eyy,t3_eui9ui
427,fg50f1h,t3_ewwf6o
428,fg50f1x,t3_ewwio6
429,fg50f26,t3_ewwf6o
430,fg50f28,t3_ewwf6o
431,fg50f36,t3_ewwlpz
432,fg50f6u,t3_ewiovg
433,fg50f8v,t3_ewwect
434,fg50fa8,t3_ewwlpz
435,fg50fco,t3_ewon5a
436,fg50fft,t3_ewv574
437,fg50fia,t3_ewwf6o
438,fg50fix,t3_ewv574
439,fg50fj4,t3_ewwf6o
440,fg50fjq,t3_ewnigu
441,fg50fmp,t3_ewwf4o
442,fg50fmt,t3_ewon5a
443,fg50fn2,t3_ewwogd
444,fg50fpr,t3_ewiovg
445,fg50fth,t3_ewwlpz
446,fg50fvl,t3_ewwgd0
447,fg50fxa,t3_ewx3cs
448,fg50fz3,t3_ewv574
449,fg50fzn,t3_ewv574
450,fg50g41,t3_eui9ui
451,fg50g4q,t3_ewwio6
452,fg50gcl,t3_ew83bl
453,fg50gcz,t3_ewwlpz
454,fg50gg4,t3_ewwf6o
455,fg50ggl,t3_ewwf6o
456,fg50gk9,t3_ewv574
457,fg50gnn,t3_ewxhk0
458,fg50gso,t3_ewsv7x
459,fg50gta,t3_ewrstl
460,fg50gti,t3_ewvm77
461,fg50gvd,t3_ewwlpz
462,fg50gve,t3_ewiovg
463,fg50gvv,t3_ewv574
464,fg50h0f,t3_ewwlpz
465,fg50h47,t3_ewv574
466,fg50h8v,t3_ewwlpz
467,fg50ha4,t3_ewwh6h
468,fg50hcx,t3_eww7ip
469,fg50hdf,t3_eui9ui
470,fg50hdv,t3_ewv574
471,fg50hew,t3_ewwect
472,fg50hl3,t3_ewv574
473,fg50hqc,t3_ewwf6o
474,fg50hqv,t3_ewwlpz
475,fg50hsk,t3_ewwlpz
476,fg50hsy,t3_ewv574
477,fg50hvk,t3_ewdpdz
478,fg50hw0,t3_ewwtrg
479,fg50hxj,t3_ewwect
480,fg50hxy,t3_ewv574
481,fg50i6i,t3_evufxl
482,fg50i7b,t3_ewwf6o
483,fg50ibv,t3_ewv574
484,fg50ig6,t3_ewv574
485,fg50ih0,t3_ewv574
486,fg50ijy,t3_ewwlpz
487,fg50ika,t3_ewv574
488,fg50cot,t3_ewwlpz
489,fg50cpv,t3_ewwf6o
490,fg50cu5,t3_ewwlpz
491,fg50czm,t3_evufxl
492,fg50d06,t3_ewwlpz
493,fg50deg,t3_ewir82
494,fg50dfx,t3_ewv574
495,fg50dgw,t3_ewwf6o
496,fg50dgx,t3_ewwogd
497,fg50dh4,t3_ewvm77
498,fg50djs,t3_ewv574
499,fg50dv4,t3_ewwf6o
500,fg50dv8,t3_ewv574
501,fg50dzw,t3_ewv574
502,fg50e0l,t3_ewwlpz
503,fg50e1d,t3_ewwswo
504,fg50e5x,t3_ewwlpz
505,fg50e64,t3_ewwf6o
506,fg50e6n,t3_ewwlpz
507,fg50e7b,t3_ewwf6o
508,fg50e7q,t3_ewon5a
509,fg50e8v,t3_ewwwyq
510,fg50e9l,t3_ewo78l
511,fg50edj,t3_ewwogd
512,fg50eir,t3_ewwtrg
513,fg50eiz,t3_ewwlpz
514,fg50ekg,t3_ewon5a
515,fg50eol,t3_ewv574
516,fg50ep8,t3_ewnbdm
517,fg50eq3,t3_ewwf6o
518,fg50eqa,t3_ewwf6o
519,fg50exr,t3_ewrstl
520,fg50eym,t3_ewv574
521,fg50eyy,t3_eui9ui
522,fg50f1h,t3_ewwf6o
523,fg50f1x,t3_ewwio6
524,fg50f26,t3_ewwf6o
525,fg50f28,t3_ewwf6o
526,fg50f36,t3_ewwlpz
527,fg50f6u,t3_ewiovg
528,fg50f8v,t3_ewwect
529,fg50fa8,t3_ewwlpz
530,fg50fco,t3_ewon5a
531,fg50fft,t3_ewv574
532,fg50fia,t3_ewwf6o
533,fg50fix,t3_ewv574
534,fg50fj4,t3_ewwf6o
535,fg50fjq,t3_ewnigu
536,fg50fmp,t3_ewwf4o
537,fg50fmt,t3_ewon5a
538,fg50fn2,t3_ewwogd
539,fg50fpr,t3_ewiovg
540,fg50fth,t3_ewwlpz
541,fg50fvl,t3_ewwgd0
542,fg50fxa,t3_ewx3cs
543,fg50fz3,t3_ewv574
544,fg50fzn,t3_ewv574
545,fg50g41,t3_eui9ui
546,fg50g4q,t3_ewwio6
547,fg50gcl,t3_ew83bl
548,fg50gcz,t3_ewwlpz
549,fg50gg4,t3_ewwf6o
550,fg50ggl,t3_ewwf6o
551,fg50gk9,t3_ewv574
552,fg50gnn,t3_ewxhk0
553,fg50gso,t3_ewsv7x
554,fg50gta,t3_ewrstl
555,fg50gti,t3_ewvm77
556,fg50gvd,t3_ewwlpz
557,fg50gve,t3_ewiovg
558,fg50gvv,t3_ewv574
559,fg50h0f,t3_ewwlpz
560,fg50h47,t3_ewv574
561,fg50h8v,t3_ewwlpz
562,fg50ha4,t3_ewwh6h
563,fg50hcx,t3_eww7ip
564,fg50hdf,t3_eui9ui
565,fg50hdv,t3_ewv574
566,fg50hew,t3_ewwect
567,fg50hl3,t3_ewv574
568,fg50hqc,t3_ewwf6o
569,fg50hqv,t3_ewwlpz
570,fg50hsk,t3_ewwlpz
571,fg50hsy,t3_ewv574
572,fg50hvk,t3_ewdpdz
573,fg50hw0,t3_ewwtrg
574,fg50hxj,t3_ewwect
575,fg50hxy,t3_ewv574
576,fg50i6i,t3_evufxl
577,fg50i7b,t3_ewwf6o
578,fg50ibv,t3_ewv574
579,fg50ig6,t3_ewv574
580,fg50ih0,t3_ewv574
581,fg50cot,t3_ewwlpz
582,fg50cpv,t3_ewwf6o
583,fg50cu5,t3_ewwlpz
584,fg50czm,t3_evufxl
585,fg50d06,t3_ewwlpz
586,fg50deg,t3_ewir82
587,fg50dfx,t3_ewv574
588,fg50dgw,t3_ewwf6o
589,fg50dgx,t3_ewwogd
590,fg50dh4,t3_ewvm77
591,fg50djs,t3_ewv574
592,fg50dv4,t3_ewwf6o
593,fg50dv8,t3_ewv574
594,fg50dzw,t3_ewv574
595,fg50e0l,t3_ewwlpz
596,fg50e1d,t3_ewwswo
597,fg50e5x,t3_ewwlpz
598,fg50e64,t3_ewwf6o
599,fg50e6n,t3_ewwlpz
600,fg50e7b,t3_ewwf6o
601,fg50e7q,t3_ewon5a
602,fg50e8v,t3_ewwwyq
603,fg50e9l,t3_ewo78l
604,fg50edj,t3_ewwogd
605,fg50eir,t3_ewwtrg
606,fg50eiz,t3_ewwlpz
607,fg50ekg,t3_ewon5a
608,fg50eol,t3_ewv574
609,fg50ep8,t3_ewnbdm
610,fg50eq3,t3_ewwf6o
611,fg50eqa,t3_ewwf6o
612,fg50exr,t3_ewrstl
613,fg50eym,t3_ewv574
614,fg50eyy,t3_eui9ui
615,fg50f1h,t3_ewwf6o
616,fg50f1x,t3_ewwio6
617,fg50f26,t3_ewwf6o
618,fg50f28,t3_ewwf6o
619,fg50f36,t3_ewwlpz
620,fg50f6u,t3_ewiovg
621,fg50f8v,t3_ewwect
622,fg50fa8,t3_ewwlpz
623,fg50fco,t3_ewon5a
624,fg50fft,t3_ewv574
625,fg50fia,t3_ewwf6o
626,fg50fix,t3_ewv574
627,fg50fj4,t3_ewwf6o
628,fg50fjq,t3_ewnigu
629,fg50fmp,t3_ewwf4o
630,fg50fmt,t3_ewon5a
631,fg50fn2,t3_ewwogd
632,fg50fpr,t3_ewiovg
633,fg50fth,t3_ewwlpz
634,fg50fvl,t3_ewwgd0
635,fg50fxa,t3_ewx3cs
636,fg50fz3,t3_ewv574
637,fg50fzn,t3_ewv574
638,fg50g41,t3_eui9ui
639,fg50g4q,t3_ewwio6
640,fg50gcl,t3_ew83bl
641,fg50gcz,t3_ewwlpz
642,fg50gg4,t3_ewwf6o
643,fg50ggl,t3_ewwf6o
644,fg50gk9,t3_ewv574
645,fg50gnn,t3_ewxhk0
646,fg50gso,t3_ewsv7x
647,fg50gta,t3_ewrstl
648,fg50gti,t3_ewvm77
649,fg50gvd,t3_ewwlpz
650,fg50gve,t3_ewiovg
651,fg50gvv,t3_ewv574
652,fg50h0f,t3_ewwlpz
653,fg50h47,t3_ewv574
654,fg50h8v,t3_ewwlpz
655,fg50ha4,t3_ewwh6h
656,fg50hcx,t3_eww7ip
657,fg50hdf,t3_eui9ui
658,fg50hdv,t3_ewv574
659,fg50hew,t3_ewwect
660,fg50hl3,t3_ewv574
661,fg50hqc,t3_ewwf6o
662,fg50hqv,t3_ewwlpz
663,fg50hsk,t3_ewwlpz
664,fg50hsy,t3_ewv574
665,fg50hvk,t3_ewdpdz
666,fg50hw0,t3_ewwtrg
667,fg50hxj,t3_ewwect
668,fg50hxy,t3_ewv574
669,fg50i6i,t3_evufxl
670,fg50i7b,t3_ewwf6o
671,fg50ibv,t3_ewv574
672,fg50cot,t3_ewwlpz
673,fg50cpv,t3_ewwf6o
674,fg50cu5,t3_ewwlpz
675,fg50czm,t3_evufxl
676,fg50d06,t3_ewwlpz
677,fg50deg,t3_ewir82
678,fg50dfx,t3_ewv574
679,fg50dgw,t3_ewwf6o
680,fg50dgx,t3_ewwogd
681,fg50dh4,t3_ewvm77
682,fg50djs,t3_ewv574
683,fg50dv4,t3_ewwf6o
684,fg50dv8,t3_ewv574
685,fg50dzw,t3_ewv574
686,fg50e0l,t3_ewwlpz
687,fg50e1d,t3_ewwswo
688,fg50e5x,t3_ewwlpz
689,fg50e64,t3_ewwf6o
690,fg50e6n,t3_ewwlpz
691,fg50e7b,t3_ewwf6o
692,fg50e7q,t3_ewon5a
693,fg50e8v,t3_ewwwyq
694,fg50e9l,t3_ewo78l
695,fg50edj,t3_ewwogd
696,fg50eir,t3_ewwtrg
697,fg50eiz,t3_ewwlpz
698,fg50ekg,t3_ewon5a
699,fg50eol,t3_ewv574
700,fg50ep8,t3_ewnbdm
701,fg50eq3,t3_ewwf6o
702,fg50eqa,t3_ewwf6o
703,fg50exr,t3_ewrstl
704,fg50eym,t3_ewv574
705,fg50eyy,t3_eui9ui
706,fg50f1h,t3_ewwf6o
707,fg50f1x,t3_ewwio6
708,fg50f26,t3_ewwf6o
709,fg50f28,t3_ewwf6o
710,fg50f36,t3_ewwlpz
711,fg50f6u,t3_ewiovg
712,fg50f8v,t3_ewwect
713,fg50fa8,t3_ewwlpz
714,fg50fco,t3_ewon5a
715,fg50fft,t3_ewv574
716,fg50fia,t3_ewwf6o
717,fg50fix,t3_ewv574
718,fg50fj4,t3_ewwf6o
719,fg50fjq,t3_ewnigu
720,fg50fmp,t3_ewwf4o
721,fg50fmt,t3_ewon5a
722,fg50fn2,t3_ewwogd
723,fg50fpr,t3_ewiovg
724,fg50fth,t3_ewwlpz
725,fg50fvl,t3_ewwgd0
726,fg50fxa,t3_ewx3cs
727,fg50fz3,t3_ewv574
728,fg50fzn,t3_ewv574
729,fg50g41,t3_eui9ui
730,fg50g4q,t3_ewwio6
731,fg50gcl,t3_ew83bl
732,fg50gcz,t3_ewwlpz
733,fg50gg4,t3_ewwf6o
734,fg50ggl,t3_ewwf6o
735,fg50gk9,t3_ewv574
736,fg50gnn,t3_ewxhk0
737,fg50gso,t3_ewsv7x
738,fg50gta,t3_ewrstl
739,fg50gti,t3_ewvm77
740,fg50gvd,t3_ewwlpz
741,fg50gve,t3_ewiovg
742,fg50gvv,t3_ewv574
743,fg50h0f,t3_ewwlpz
744,fg50h47,t3_ewv574
745,fg50h8v,t3_ewwlpz
746,fg50ha4,t3_ewwh6h
747,fg50hcx,t3_eww7ip
748,fg50hdf,t3_eui9ui
749,fg50hdv,t3_ewv574
750,fg50hew,t3_ewwect
751,fg50hl3,t3_ewv574
752,fg50hqc,t3_ewwf6o
753,fg50hqv,t3_ewwlpz
754,fg50hsk,t3_ewwlpz
755,fg50hsy,t3_ewv574
756,fg50hvk,t3_ewdpdz
757,fg50hw0,t3_ewwtrg
758,fg50hxj,t3_ewwect
759,fg50hxy,t3_ewv574
760,fg50i6i,t3_evufxl
761,fg50i7b,t3_ewwf6o
762,fg50cot,t3_ewwlpz
763,fg50cpv,t3_ewwf6o
764,fg50cu5,t3_ewwlpz
765,fg50czm,t3_evufxl
766,fg50d06,t3_ewwlpz
767,fg50deg,t3_ewir82
768,fg50dfx,t3_ewv574
769,fg50dgw,t3_ewwf6o
770,fg50dgx,t3_ewwogd
771,fg50dh4,t3_ewvm77
772,fg50djs,t3_ewv574
773,fg50dv4,t3_ewwf6o
774,fg50dv8,t3_ewv574
775,fg50dzw,t3_ewv574
776,fg50e0l,t3_ewwlpz
777,fg50e1d,t3_ewwswo
778,fg50e5x,t3_ewwlpz
779,fg50e64,t3_ewwf6o
780,fg50e6n,t3_ewwlpz
781,fg50e7b,t3_ewwf6o
782,fg50e7q,t3_ewon5a
783,fg50e8v,t3_ewwwyq
784,fg50e9l,t3_ewo78l
785,fg50edj,t3_ewwogd
786,fg50eir,t3_ewwtrg
787,fg50eiz,t3_ewwlpz
788,fg50ekg,t3_ewon5a
789,fg50eol,t3_ewv574
790,fg50ep8,t3_ewnbdm
791,fg50eq3,t3_ewwf6o
792,fg50eqa,t3_ewwf6o
793,fg50exr,t3_ewrstl
794,fg50eym,t3_ewv574
795,fg50eyy,t3_eui9ui
796,fg50f1h,t3_ewwf6o
797,fg50f1x,t3_ewwio6
798,fg50f26,t3_ewwf6o
799,fg50f28,t3_ewwf6o
800,fg50f36,t3_ewwlpz
801,fg50f6u,t3_ewiovg
802,fg50f8v,t3_ewwect
803,fg50fa8,t3_ewwlpz
804,fg50fco,t3_ewon5a
805,fg50fft,t3_ewv574
806,fg50fia,t3_ewwf6o
807,fg50fix,t3_ewv574
808,fg50fj4,t3_ewwf6o
809,fg50fjq,t3_ewnigu
810,fg50fmp,t3_ewwf4o
811,fg50fmt,t3_ewon5a
812,fg50fn2,t3_ewwogd
813,fg50fpr,t3_ewiovg
814,fg50fth,t3_ewwlpz
815,fg50fvl,t3_ewwgd0
816,fg50fxa,t3_ewx3cs
817,fg50fz3,t3_ewv574
818,fg50fzn,t3_ewv574
819,fg50g41,t3_eui9ui
820,fg50g4q,t3_ewwio6
821,fg50gcl,t3_ew83bl
822,fg50gcz,t3_ewwlpz
823,fg50gg4,t3_ewwf6o
824,fg50ggl,t3_ewwf6o
825,fg50gk9,t3_ewv574
826,fg50gnn,t3_ewxhk0
827,fg50gso,t3_ewsv7x
828,fg50gta,t3_ewrstl
829,fg50gti,t3_ewvm77
830,fg50gvd,t3_ewwlpz
831,fg50gve,t3_ewiovg
832,fg50gvv,t3_ewv574
833,fg50h0f,t3_ewwlpz
834,fg50h47,t3_ewv574
835,fg50h8v,t3_ewwlpz
836,fg50ha4,t3_ewwh6h
837,fg50hcx,t3_eww7ip
838,fg50hdf,t3_eui9ui
839,fg50hdv,t3_ewv574
840,fg50hew,t3_ewwect
841,fg50hl3,t3_ewv574
842,fg50hqc,t3_ewwf6o
843,fg50hqv,t3_ewwlpz
844,fg50hsk,t3_ewwlpz
845,fg50hsy,t3_ewv574
846,fg50hvk,t3_ewdpdz
847,fg50hw0,t3_ewwtrg
848,fg50hxj,t3_ewwect
849,fg50hxy,t3_ewv574
850,fg50cot,t3_ewwlpz
851,fg50cpv,t3_ewwf6o
852,fg50cu5,t3_ewwlpz
853,fg50czm,t3_evufxl
854,fg50d06,t3_ewwlpz
855,fg50deg,t3_ewir82
856,fg50dfx,t3_ewv574
857,fg50dgw,t3_ewwf6o
858,fg50dgx,t3_ewwogd
859,fg50dh4,t3_ewvm77
860,fg50djs,t3_ewv574
861,fg50dv4,t3_ewwf6o
862,fg50dv8,t3_ewv574
863,fg50dzw,t3_ewv574
864,fg50e0l,t3_ewwlpz
865,fg50e1d,t3_ewwswo
866,fg50e5x,t3_ewwlpz
867,fg50e64,t3_ewwf6o
868,fg50e6n,t3_ewwlpz
869,fg50e7b,t3_ewwf6o
870,fg50e7q,t3_ewon5a
871,fg50e8v,t3_ewwwyq
872,fg50e9l,t3_ewo78l
873,fg50edj,t3_ewwogd
874,fg50eir,t3_ewwtrg
875,fg50eiz,t3_ewwlpz
876,fg50ekg,t3_ewon5a
877,fg50eol,t3_ewv574
878,fg50ep8,t3_ewnbdm
879,fg50eq3,t3_ewwf6o
880,fg50eqa,t3_ewwf6o
881,fg50exr,t3_ewrstl
882,fg50eym,t3_ewv574
883,fg50eyy,t3_eui9ui
884,fg50f1h,t3_ewwf6o
885,fg50f1x,t3_ewwio6
886,fg50f26,t3_ewwf6o
887,fg50f28,t3_ewwf6o
888,fg50f36,t3_ewwlpz
889,fg50f6u,t3_ewiovg
890,fg50f8v,t3_ewwect
891,fg50fa8,t3_ewwlpz
892,fg50fco,t3_ewon5a
893,fg50fft,t3_ewv574
894,fg50fia,t3_ewwf6o
895,fg50fix,t3_ewv574
896,fg50fj4,t3_ewwf6o
897,fg50fjq,t3_ewnigu
898,fg50fmp,t3_ewwf4o
899,fg50fmt,t3_ewon5a
900,fg50fn2,t3_ewwogd
901,fg50fpr,t3_ewiovg
902,fg50fth,t3_ewwlpz
903,fg50fvl,t3_ewwgd0
904,fg50fxa,t3_ewx3cs
905,fg50fz3,t3_ewv574
906,fg50fzn,t3_ewv574
907,fg50g41,t3_eui9ui
908,fg50g4q,t3_ewwio6
909,fg50gcl,t3_ew83bl
910,fg50gcz,t3_ewwlpz
911,fg50gg4,t3_ewwf6o
912,fg50ggl,t3_ewwf6o
913,fg50gk9,t3_ewv574
914,fg50gnn,t3_ewxhk0
915,fg50gso,t3_ewsv7x
916,fg50gta,t3_ewrstl
917,fg50gti,t3_ewvm77
918,fg50gvd,t3_ewwlpz
919,fg50gve,t3_ewiovg
920,fg50gvv,t3_ewv574
921,fg50h0f,t3_ewwlpz
922,fg50h47,t3_ewv574
923,fg50h8v,t3_ewwlpz
924,fg50ha4,t3_ewwh6h
925,fg50hcx,t3_eww7ip
926,fg50hdf,t3_eui9ui
927,fg50hdv,t3_ewv574
928,fg50hew,t3_ewwect
929,fg50hl3,t3_ewv574
930,fg50hqc,t3_ewwf6o
931,fg50hqv,t3_ewwlpz
932,fg50hsk,t3_ewwlpz
933,fg50hsy,t3_ewv574
934,fg50hvk,t3_ewdpdz
935,fg50hw0,t3_ewwtrg
936,fg50hxj,t3_ewwect
937,fg50cot,t3_ewwlpz
938,fg50cpv,t3_ewwf6o
939,fg50cu5,t3_ewwlpz
940,fg50czm,t3_evufxl
941,fg50d06,t3_ewwlpz
942,fg50deg,t3_ewir82
943,fg50dfx,t3_ewv574
944,fg50dgw,t3_ewwf6o
945,fg50dgx,t3_ewwogd
946,fg50dh4,t3_ewvm77
947,fg50djs,t3_ewv574
948,fg50dv4,t3_ewwf6o
949,fg50dv8,t3_ewv574
950,fg50dzw,t3_ewv574
951,fg50e0l,t3_ewwlpz
952,fg50e1d,t3_ewwswo
953,fg50e5x,t3_ewwlpz
954,fg50e64,t3_ewwf6o
955,fg50e6n,t3_ewwlpz
956,fg50e7b,t3_ewwf6o
957,fg50e7q,t3_ewon5a
958,fg50e8v,t3_ewwwyq
959,fg50e9l,t3_ewo78l
960,fg50edj,t3_ewwogd
961,fg50eir,t3_ewwtrg
962,fg50eiz,t3_ewwlpz
963,fg50ekg,t3_ewon5a
964,fg50eol,t3_ewv574
965,fg50ep8,t3_ewnbdm
966,fg50eq3,t3_ewwf6o
967,fg50eqa,t3_ewwf6o
968,fg50exr,t3_ewrstl
969,fg50eym,t3_ewv574
970,fg50eyy,t3_eui9ui
971,fg50f1h,t3_ewwf6o
972,fg50f1x,t3_ewwio6
973,fg50f26,t3_ewwf6o
974,fg50f28,t3_ewwf6o
975,fg50f36,t3_ewwlpz
976,fg50f6u,t3_ewiovg
977,fg50f8v,t3_ewwect
978,fg50fa8,t3_ewwlpz
979,fg50fco,t3_ewon5a
980,fg50fft,t3_ewv574
981,fg50fia,t3_ewwf6o
982,fg50fix,t3_ewv574
983,fg50fj4,t3_ewwf6o
984,fg50fjq,t3_ewnigu
985,fg50fmp,t3_ewwf4o
986,fg50fmt,t3_ewon5a
987,fg50fn2,t3_ewwogd
988,fg50fpr,t3_ewiovg
989,fg50fth,t3_ewwlpz
990,fg50fvl,t3_ewwgd0
991,fg50fxa,t3_ewx3cs
992,fg50fz3,t3_ewv574
993,fg50fzn,t3_ewv574
994,fg50g41,t3_eui9ui
995,fg50g4q,t3_ewwio6
996,fg50gcl,t3_ew83bl
997,fg50gcz,t3_ewwlpz
998,fg50gg4,t3_ewwf6o
999,fg50ggl,t3_ewwf6o
1000,fg50gk9,t3_ewv574
1001,fg50gnn,t3_ewxhk0
1002,fg50gso,t3_ewsv7x
1003,fg50gta,t3_ewrstl
1004,fg50gti,t3_ewvm77
1005,fg50gvd,t3_ewwlpz
1006,fg50gve,t3_ewiovg
1007,fg50gvv,t3_ewv574
1008,fg50h0f,t3_ewwlpz
1009,fg50h47,t3_ewv574
1010,fg50h8v,t3_ewwlpz
1011,fg50ha4,t3_ewwh6h
1012,fg50hcx,t3_eww7ip
1013,fg50hdf,t3_eui9ui
1014,fg50hdv,t3_ewv574
1015,fg50hew,t3_ewwect
1016,fg50hl3,t3_ewv574
1017,fg50hqc,t3_ewwf6o
1018,fg50hqv,t3_ewwlpz
1019,fg50hsk,t3_ewwlpz
1020,fg50hsy,t3_ewv574
1021,fg50cot,t3_ewwlpz
1022,fg50cpv,t3_ewwf6o
1023,fg50cu5,t3_ewwlpz
1024,fg50czm,t3_evufxl
1025,fg50d06,t3_ewwlpz
1026,fg50deg,t3_ewir82
1027,fg50dfx,t3_ewv574
1028,fg50dgw,t3_ewwf6o
1029,fg50dgx,t3_ewwogd
1030,fg50dh4,t3_ewvm77
1031,fg50djs,t3_ewv574
1032,fg50dv4,t3_ewwf6o
1033,fg50dv8,t3_ewv574
1034,fg50dzw,t3_ewv574
1035,fg50e0l,t3_ewwlpz
1036,fg50e1d,t3_ewwswo
1037,fg50e5x,t3_ewwlpz
1038,fg50e64,t3_ewwf6o
1039,fg50e6n,t3_ewwlpz
1040,fg50e7b,t3_ewwf6o
1041,fg50e7q,t3_ewon5a
1042,fg50e8v,t3_ewwwyq
1043,fg50e9l,t3_ewo78l
1044,fg50edj,t3_ewwogd
1045,fg50eir,t3_ewwtrg
1046,fg50eiz,t3_ewwlpz
1047,fg50ekg,t3_ewon5a
1048,fg50eol,t3_ewv574
1049,fg50ep8,t3_ewnbdm
1050,fg50eq3,t3_ewwf6o
1051,fg50eqa,t3_ewwf6o
1052,fg50exr,t3_ewrstl
1053,fg50eym,t3_ewv574
1054,fg50eyy,t3_eui9ui
1055,fg50f1h,t3_ewwf6o
1056,fg50f1x,t3_ewwio6
1057,fg50f26,t3_ewwf6o
1058,fg50f28,t3_ewwf6o
1059,fg50f36,t3_ewwlpz
1060,fg50f6u,t3_ewiovg
1061,fg50f8v,t3_ewwect
1062,fg50fa8,t3_ewwlpz
1063,fg50fco,t3_ewon5a
1064,fg50fft,t3_ewv574
1065,fg50fia,t3_ewwf6o
1066,fg50fix,t3_ewv574
1067,fg50fj4,t3_ewwf6o
1068,fg50fjq,t3_ewnigu
1069,fg50fmp,t3_ewwf4o
1070,fg50fmt,t3_ewon5a
1071,fg50fn2,t3_ewwogd
1072,fg50fpr,t3_ewiovg
1073,fg50fth,t3_ewwlpz
1074,fg50fvl,t3_ewwgd0
1075,fg50fxa,t3_ewx3cs
1076,fg50fz3,t3_ewv574
1077,fg50fzn,t3_ewv574
1078,fg50g41,t3_eui9ui
1079,fg50g4q,t3_ewwio6
1080,fg50gcl,t3_ew83bl
1081,fg50gcz,t3_ewwlpz
1082,fg50gg4,t3_ewwf6o
1083,fg50ggl,t3_ewwf6o
1084,fg50gk9,t3_ewv574
1085,fg50gnn,t3_ewxhk0
1086,fg50gso,t3_ewsv7x
1087,fg50gta,t3_ewrstl
1088,fg50gti,t3_ewvm77
1089,fg50gvd,t3_ewwlpz
1090,fg50gve,t3_ewiovg
1091,fg50gvv,t3_ewv574
1092,fg50h0f,t3_ewwlpz
1093,fg50h47,t3_ewv574
1094,fg50h8v,t3_ewwlpz
1095,fg50ha4,t3_ewwh6h
1096,fg50hcx,t3_eww7ip
1097,fg50hdf,t3_eui9ui
1098,fg50hdv,t3_ewv574
1099,fg50hew,t3_ewwect
1100,fg50hl3,t3_ewv574
1101,fg50hqc,t3_ewwf6o
1102,fg50hqv,t3_ewwlpz
1103,fg50cot,t3_ewwlpz
1104,fg50cpv,t3_ewwf6o
1105,fg50cu5,t3_ewwlpz
1106,fg50czm,t3_evufxl
1107,fg50d06,t3_ewwlpz
1108,fg50deg,t3_ewir82
1109,fg50dfx,t3_ewv574
1110,fg50dgw,t3_ewwf6o
1111,fg50dgx,t3_ewwogd
1112,fg50dh4,t3_ewvm77
1113,fg50djs,t3_ewv574
1114,fg50dv4,t3_ewwf6o
1115,fg50dv8,t3_ewv574
1116,fg50dzw,t3_ewv574
1117,fg50e0l,t3_ewwlpz
1118,fg50e1d,t3_ewwswo
1119,fg50e5x,t3_ewwlpz
1120,fg50e64,t3_ewwf6o
1121,fg50e6n,t3_ewwlpz
1122,fg50e7b,t3_ewwf6o
1123,fg50e7q,t3_ewon5a
1124,fg50e8v,t3_ewwwyq
1125,fg50e9l,t3_ewo78l
1126,fg50edj,t3_ewwogd
1127,fg50eir,t3_ewwtrg
1128,fg50eiz,t3_ewwlpz
1129,fg50ekg,t3_ewon5a
1130,fg50eol,t3_ewv574
1131,fg50ep8,t3_ewnbdm
1132,fg50eq3,t3_ewwf6o
1133,fg50eqa,t3_ewwf6o
1134,fg50exr,t3_ewrstl
1135,fg50eym,t3_ewv574
1136,fg50eyy,t3_eui9ui
1137,fg50f1h,t3_ewwf6o
1138,fg50f1x,t3_ewwio6
1139,fg50f26,t3_ewwf6o
1140,fg50f28,t3_ewwf6o
1141,fg50f36,t3_ewwlpz
1142,fg50f6u,t3_ewiovg
1143,fg50f8v,t3_ewwect
1144,fg50fa8,t3_ewwlpz
1145,fg50fco,t3_ewon5a
1146,fg50fft,t3_ewv574
1147,fg50fia,t3_ewwf6o
1148,fg50fix,t3_ewv574
1149,fg50fj4,t3_ewwf6o
1150,fg50fjq,t3_ewnigu
1151,fg50fmp,t3_ewwf4o
1152,fg50fmt,t3_ewon5a
1153,fg50fn2,t3_ewwogd
1154,fg50fpr,t3_ewiovg
1155,fg50fth,t3_ewwlpz
1156,fg50fvl,t3_ewwgd0
1157,fg50fxa,t3_ewx3cs
1158,fg50fz3,t3_ewv574
1159,fg50fzn,t3_ewv574
1160,fg50g41,t3_eui9ui
1161,fg50g4q,t3_ewwio6
1162,fg50gcl,t3_ew83bl
1163,fg50gcz,t3_ewwlpz
1164,fg50gg4,t3_ewwf6o
1165,fg50ggl,t3_ewwf6o
1166,fg50gk9,t3_ewv574
1167,fg50gnn,t3_ewxhk0
1168,fg50gso,t3_ewsv7x
1169,fg50gta,t3_ewrstl
1170,fg50gti,t3_ewvm77
1171,fg50gvd,t3_ewwlpz
1172,fg50gve,t3_ewiovg
1173,fg50gvv,t3_ewv574
1174,fg50h0f,t3_ewwlpz
1175,fg50h47,t3_ewv574
1176,fg50h8v,t3_ewwlpz
1177,fg50ha4,t3_ewwh6h
1178,fg50hcx,t3_eww7ip
1179,fg50hdf,t3_eui9ui
1180,fg50hdv,t3_ewv574
1181,fg50hew,t3_ewwect
1182,fg50hl3,t3_ewv574
1183,fg50cot,t3_ewwlpz
1184,fg50cpv,t3_ewwf6o
1185,fg50cu5,t3_ewwlpz
1186,fg50czm,t3_evufxl
1187,fg50d06,t3_ewwlpz
1188,fg50deg,t3_ewir82
1189,fg50dfx,t3_ewv574
1190,fg50dgw,t3_ewwf6o
1191,fg50dgx,t3_ewwogd
1192,fg50dh4,t3_ewvm77
1193,fg50djs,t3_ewv574
1194,fg50dv4,t3_ewwf6o
1195,fg50dv8,t3_ewv574
1196,fg50dzw,t3_ewv574
1197,fg50e0l,t3_ewwlpz
1198,fg50e1d,t3_ewwswo
1199,fg50e5x,t3_ewwlpz
1200,fg50e64,t3_ewwf6o
1201,fg50e6n,t3_ewwlpz
1202,fg50e7b,t3_ewwf6o
1203,fg50e7q,t3_ewon5a
1204,fg50e8v,t3_ewwwyq
1205,fg50e9l,t3_ewo78l
1206,fg50edj,t3_ewwogd
1207,fg50eir,t3_ewwtrg
1208,fg50eiz,t3_ewwlpz
1209,fg50ekg,t3_ewon5a
1210,fg50eol,t3_ewv574
1211,fg50ep8,t3_ewnbdm
1212,fg50eq3,t3_ewwf6o
1213,fg50eqa,t3_ewwf6o
1214,fg50exr,t3_ewrstl
1215,fg50eym,t3_ewv574
1216,fg50eyy,t3_eui9ui
1217,fg50f1h,t3_ewwf6o
1218,fg50f1x,t3_ewwio6
1219,fg50f26,t3_ewwf6o
1220,fg50f28,t3_ewwf6o
1221,fg50f36,t3_ewwlpz
1222,fg50f6u,t3_ewiovg
1223,fg50f8v,t3_ewwect
1224,fg50fa8,t3_ewwlpz
1225,fg50fco,t3_ewon5a
1226,fg50fft,t3_ewv574
1227,fg50fia,t3_ewwf6o
1228,fg50fix,t3_ewv574
1229,fg50fj4,t3_ewwf6o
1230,fg50fjq,t3_ewnigu
1231,fg50fmp,t3_ewwf4o
1232,fg50fmt,t3_ewon5a
1233,fg50fn2,t3_ewwogd
1234,fg50fpr,t3_ewiovg
1235,fg50fth,t3_ewwlpz
1236,fg50fvl,t3_ewwgd0
1237,fg50fxa,t3_ewx3cs
1238,fg50fz3,t3_ewv574
1239,fg50fzn,t3_ewv574
1240,fg50g41,t3_eui9ui
1241,fg50g4q,t3_ewwio6
1242,fg50gcl,t3_ew83bl
1243,fg50gcz,t3_ewwlpz
1244,fg50gg4,t3_ewwf6o
1245,fg50ggl,t3_ewwf6o
1246,fg50gk9,t3_ewv574
1247,fg50gnn,t3_ewxhk0
1248,fg50gso,t3_ewsv7x
1249,fg50gta,t3_ewrstl
1250,fg50gti,t3_ewvm77
1251,fg50gvd,t3_ewwlpz
1252,fg50gve,t3_ewiovg
1253,fg50gvv,t3_ewv574
1254,fg50h0f,t3_ewwlpz
1255,fg50h47,t3_ewv574
1256,fg50h8v,t3_ewwlpz
1257,fg50ha4,t3_ewwh6h
1258,fg50hcx,t3_eww7ip
1259,fg50hdf,t3_eui9ui
1260,fg50hdv,t3_ewv574
1261,fg50hew,t3_ewwect
1262,fg50cot,t3_ewwlpz
1263,fg50cpv,t3_ewwf6o
1264,fg50cu5,t3_ewwlpz
1265,fg50czm,t3_evufxl
1266,fg50d06,t3_ewwlpz
1267,fg50deg,t3_ewir82
1268,fg50dfx,t3_ewv574
1269,fg50dgw,t3_ewwf6o
1270,fg50dgx,t3_ewwogd
1271,fg50dh4,t3_ewvm77
1272,fg50djs,t3_ewv574
1273,fg50dv4,t3_ewwf6o
1274,fg50dv8,t3_ewv574
1275,fg50dzw,t3_ewv574
1276,fg50e0l,t3_ewwlpz
1277,fg50e1d,t3_ewwswo
1278,fg50e5x,t3_ewwlpz
1279,fg50e64,t3_ewwf6o
1280,fg50e6n,t3_ewwlpz
1281,fg50e7b,t3_ewwf6o
1282,fg50e7q,t3_ewon5a
1283,fg50e8v,t3_ewwwyq
1284,fg50e9l,t3_ewo78l
1285,fg50edj,t3_ewwogd
1286,fg50eir,t3_ewwtrg
1287,fg50eiz,t3_ewwlpz
1288,fg50ekg,t3_ewon5a
1289,fg50eol,t3_ewv574
1290,fg50ep8,t3_ewnbdm
1291,fg50eq3,t3_ewwf6o
1292,fg50eqa,t3_ewwf6o
1293,fg50exr,t3_ewrstl
1294,fg50eym,t3_ewv574
1295,fg50eyy,t3_eui9ui
1296,fg50f1h,t3_ewwf6o
1297,fg50f1x,t3_ewwio6
1298,fg50f26,t3_ewwf6o
1299,fg50f28,t3_ewwf6o
1300,fg50f36,t3_ewwlpz
1301,fg50f6u,t3_ewiovg
1302,fg50f8v,t3_ewwect
1303,fg50fa8,t3_ewwlpz
1304,fg50fco,t3_ewon5a
1305,fg50fft,t3_ewv574
1306,fg50fia,t3_ewwf6o
1307,fg50fix,t3_ewv574
1308,fg50fj4,t3_ewwf6o
1309,fg50fjq,t3_ewnigu
1310,fg50fmp,t3_ewwf4o
1311,fg50fmt,t3_ewon5a
1312,fg50fn2,t3_ewwogd
1313,fg50fpr,t3_ewiovg
1314,fg50fth,t3_ewwlpz
1315,fg50fvl,t3_ewwgd0
1316,fg50fxa,t3_ewx3cs
1317,fg50fz3,t3_ewv574
1318,fg50fzn,t3_ewv574
1319,fg50g41,t3_eui9ui
1320,fg50g4q,t3_ewwio6
1321,fg50gcl,t3_ew83bl
1322,fg50gcz,t3_ewwlpz
1323,fg50gg4,t3_ewwf6o
1324,fg50ggl,t3_ewwf6o
1325,fg50gk9,t3_ewv574
1326,fg50gnn,t3_ewxhk0
1327,fg50gso,t3_ewsv7x
1328,fg50gta,t3_ewrstl
1329,fg50gti,t3_ewvm77
1330,fg50gvd,t3_ewwlpz
1331,fg50gve,t3_ewiovg
1332,fg50gvv,t3_ewv574
1333,fg50h0f,t3_ewwlpz
1334,fg50h47,t3_ewv574
1335,fg50h8v,t3_ewwlpz
1336,fg50ha4,t3_ewwh6h
1337,fg50hcx,t3_eww7ip
1338,fg50hdf,t3_eui9ui
1339,fg50hdv,t3_ewv574
1340,fg50cot,t3_ewwlpz
1341,fg50cpv,t3_ewwf6o
1342,fg50cu5,t3_ewwlpz
1343,fg50czm,t3_evufxl
1344,fg50d06,t3_ewwlpz
1345,fg50deg,t3_ewir82
1346,fg50dfx,t3_ewv574
1347,fg50dgw,t3_ewwf6o
1348,fg50dgx,t3_ewwogd
1349,fg50dh4,t3_ewvm77
1350,fg50djs,t3_ewv574
1351,fg50dv4,t3_ewwf6o
1352,fg50dv8,t3_ewv574
1353,fg50dzw,t3_ewv574
1354,fg50e0l,t3_ewwlpz
1355,fg50e1d,t3_ewwswo
1356,fg50e5x,t3_ewwlpz
1357,fg50e64,t3_ewwf6o
1358,fg50e6n,t3_ewwlpz
1359,fg50e7b,t3_ewwf6o
1360,fg50e7q,t3_ewon5a
1361,fg50e8v,t3_ewwwyq
1362,fg50e9l,t3_ewo78l
1363,fg50edj,t3_ewwogd
1364,fg50eir,t3_ewwtrg
1365,fg50eiz,t3_ewwlpz
1366,fg50ekg,t3_ewon5a
1367,fg50eol,t3_ewv574
1368,fg50ep8,t3_ewnbdm
1369,fg50eq3,t3_ewwf6o
1370,fg50eqa,t3_ewwf6o
1371,fg50exr,t3_ewrstl
1372,fg50eym,t3_ewv574
1373,fg50eyy,t3_eui9ui
1374,fg50f1h,t3_ewwf6o
1375,fg50f1x,t3_ewwio6
1376,fg50f26,t3_ewwf6o
1377,fg50f28,t3_ewwf6o
1378,fg50f36,t3_ewwlpz
1379,fg50f6u,t3_ewiovg
1380,fg50f8v,t3_ewwect
1381,fg50fa8,t3_ewwlpz
1382,fg50fco,t3_ewon5a
1383,fg50fft,t3_ewv574
1384,fg50fia,t3_ewwf6o
1385,fg50fix,t3_ewv574
1386,fg50fj4,t3_ewwf6o
1387,fg50fjq,t3_ewnigu
1388,fg50fmp,t3_ewwf4o
1389,fg50fmt,t3_ewon5a
1390,fg50fn2,t3_ewwogd
1391,fg50fpr,t3_ewiovg
1392,fg50fth,t3_ewwlpz
1393,fg50fvl,t3_ewwgd0
1394,fg50fxa,t3_ewx3cs
1395,fg50fz3,t3_ewv574
1396,fg50fzn,t3_ewv574
1397,fg50g41,t3_eui9ui
1398,fg50g4q,t3_ewwio6
1399,fg50gcl,t3_ew83bl
1400,fg50gcz,t3_ewwlpz
1401,fg50gg4,t3_ewwf6o
1402,fg50ggl,t3_ewwf6o
1403,fg50gk9,t3_ewv574
1404,fg50gnn,t3_ewxhk0
1405,fg50gso,t3_ewsv7x
1406,fg50gta,t3_ewrstl
1407,fg50gti,t3_ewvm77
1408,fg50gvd,t3_ewwlpz
1409,fg50gve,t3_ewiovg
1410,fg50gvv,t3_ewv574
1411,fg50h0f,t3_ewwlpz
1412,fg50h47,t3_ewv574
1413,fg50h8v,t3_ewwlpz
1414,fg50ha4,t3_ewwh6h
1415,fg50cot,t3_ewwlpz
1416,fg50cpv,t3_ewwf6o
1417,fg50cu5,t3_ewwlpz
1418,fg50czm,t3_evufxl
1419,fg50d06,t3_ewwlpz
1420,fg50deg,t3_ewir82
1421,fg50dfx,t3_ewv574
1422,fg50dgw,t3_ewwf6o
1423,fg50dgx,t3_ewwogd
1424,fg50dh4,t3_ewvm77
1425,fg50djs,t3_ewv574
1426,fg50dv4,t3_ewwf6o
1427,fg50dv8,t3_ewv574
1428,fg50dzw,t3_ewv574
1429,fg50e0l,t3_ewwlpz
1430,fg50e1d,t3_ewwswo
1431,fg50e5x,t3_ewwlpz
1432,fg50e64,t3_ewwf6o
1433,fg50e6n,t3_ewwlpz
1434,fg50e7b,t3_ewwf6o
1435,fg50e7q,t3_ewon5a
1436,fg50e8v,t3_ewwwyq
1437,fg50e9l,t3_ewo78l
1438,fg50edj,t3_ewwogd
1439,fg50eir,t3_ewwtrg
1440,fg50eiz,t3_ewwlpz
1441,fg50ekg,t3_ewon5a
1442,fg50eol,t3_ewv574
1443,fg50ep8,t3_ewnbdm
1444,fg50eq3,t3_ewwf6o
1445,fg50eqa,t3_ewwf6o
1446,fg50exr,t3_ewrstl
1447,fg50eym,t3_ewv574
1448,fg50eyy,t3_eui9ui
1449,fg50f1h,t3_ewwf6o
1450,fg50f1x,t3_ewwio6
1451,fg50f26,t3_ewwf6o
1452,fg50f28,t3_ewwf6o
1453,fg50f36,t3_ewwlpz
1454,fg50f6u,t3_ewiovg
1455,fg50f8v,t3_ewwect
1456,fg50fa8,t3_ewwlpz
1457,fg50fco,t3_ewon5a
1458,fg50fft,t3_ewv574
1459,fg50fia,t3_ewwf6o
1460,fg50fix,t3_ewv574
1461,fg50fj4,t3_ewwf6o
1462,fg50fjq,t3_ewnigu
1463,fg50fmp,t3_ewwf4o
1464,fg50fmt,t3_ewon5a
1465,fg50fn2,t3_ewwogd
1466,fg50fpr,t3_ewiovg
1467,fg50fth,t3_ewwlpz
1468,fg50fvl,t3_ewwgd0
1469,fg50fxa,t3_ewx3cs
1470,fg50fz3,t3_ewv574
1471,fg50fzn,t3_ewv574
1472,fg50g41,t3_eui9ui
1473,fg50g4q,t3_ewwio6
1474,fg50gcl,t3_ew83bl
1475,fg50gcz,t3_ewwlpz
1476,fg50gg4,t3_ewwf6o
1477,fg50ggl,t3_ewwf6o
1478,fg50gk9,t3_ewv574
1479,fg50gnn,t3_ewxhk0
1480,fg50gso,t3_ewsv7x
1481,fg50gta,t3_ewrstl
1482,fg50gti,t3_ewvm77
1483,fg50gvd,t3_ewwlpz
1484,fg50gve,t3_ewiovg
1485,fg50gvv,t3_ewv574
1486,fg50h0f,t3_ewwlpz
1487,fg50h47,t3_ewv574
1488,fg50cot,t3_ewwlpz
1489,fg50cpv,t3_ewwf6o
1490,fg50cu5,t3_ewwlpz
1491,fg50czm,t3_evufxl
1492,fg50d06,t3_ewwlpz
1493,fg50deg,t3_ewir82
1494,fg50dfx,t3_ewv574
1495,fg50dgw,t3_ewwf6o
1496,fg50dgx,t3_ewwogd
1497,fg50dh4,t3_ewvm77
1498,fg50djs,t3_ewv574
1499,fg50dv4,t3_ewwf6o
1500,fg50dv8,t3_ewv574
1501,fg50dzw,t3_ewv574
1502,fg50e0l,t3_ewwlpz
1503,fg50e1d,t3_ewwswo
1504,fg50e5x,t3_ewwlpz
1505,fg50e64,t3_ewwf6o
1506,fg50e6n,t3_ewwlpz
1507,fg50e7b,t3_ewwf6o
1508,fg50e7q,t3_ewon5a
1509,fg50e8v,t3_ewwwyq
1510,fg50e9l,t3_ewo78l
1511,fg50edj,t3_ewwogd
1512,fg50eir,t3_ewwtrg
1513,fg50eiz,t3_ewwlpz
1514,fg50ekg,t3_ewon5a
1515,fg50eol,t3_ewv574
1516,fg50ep8,t3_ewnbdm
1517,fg50eq3,t3_ewwf6o
1518,fg50eqa,t3_ewwf6o
1519,fg50exr,t3_ewrstl
1520,fg50eym,t3_ewv574
1521,fg50eyy,t3_eui9ui
1522,fg50f1h,t3_ewwf6o
1523,fg50f1x,t3_ewwio6
1524,fg50f26,t3_ewwf6o
1525,fg50f28,t3_ewwf6o
1526,fg50f36,t3_ewwlpz
1527,fg50f6u,t3_ewiovg
1528,fg50f8v,t3_ewwect
1529,fg50fa8,t3_ewwlpz
1530,fg50fco,t3_ewon5a
1531,fg50fft,t3_ewv574
1532,fg50fia,t3_ewwf6o
1533,fg50fix,t3_ewv574
1534,fg50fj4,t3_ewwf6o
1535,fg50fjq,t3_ewnigu
1536,fg50fmp,t3_ewwf4o
1537,fg50fmt,t3_ewon5a
1538,fg50fn2,t3_ewwogd
1539,fg50fpr,t3_ewiovg
1540,fg50fth,t3_ewwlpz
1541,fg50fvl,t3_ewwgd0
1542,fg50fxa,t3_ewx3cs
1543,fg50fz3,t3_ewv574
1544,fg50fzn,t3_ewv574
1545,fg50g41,t3_eui9ui
1546,fg50g4q,t3_ewwio6
1547,fg50gcl,t3_ew83bl
1548,fg50gcz,t3_ewwlpz
1549,fg50gg4,t3_ewwf6o
1550,fg50ggl,t3_ewwf6o
1551,fg50gk9,t3_ewv574
1552,fg50gnn,t3_ewxhk0
1553,fg50gso,t3_ewsv7x
1554,fg50gta,t3_ewrstl
1555,fg50gti,t3_ewvm77
1556,fg50gvd,t3_ewwlpz
1557,fg50gve,t3_ewiovg
1558,fg50gvv,t3_ewv574
1559,fg50h0f,t3_ewwlpz
1560,fg50cot,t3_ewwlpz
1561,fg50cpv,t3_ewwf6o
1562,fg50cu5,t3_ewwlpz
1563,fg50czm,t3_evufxl
1564,fg50d06,t3_ewwlpz
1565,fg50deg,t3_ewir82
1566,fg50dfx,t3_ewv574
1567,fg50dgw,t3_ewwf6o
1568,fg50dgx,t3_ewwogd
1569,fg50dh4,t3_ewvm77
1570,fg50djs,t3_ewv574
1571,fg50dv4,t3_ewwf6o
1572,fg50dv8,t3_ewv574
1573,fg50dzw,t3_ewv574
1574,fg50e0l,t3_ewwlpz
1575,fg50e1d,t3_ewwswo
1576,fg50e5x,t3_ewwlpz
1577,fg50e64,t3_ewwf6o
1578,fg50e6n,t3_ewwlpz
1579,fg50e7b,t3_ewwf6o
1580,fg50e7q,t3_ewon5a
1581,fg50e8v,t3_ewwwyq
1582,fg50e9l,t3_ewo78l
1583,fg50edj,t3_ewwogd
1584,fg50eir,t3_ewwtrg
1585,fg50eiz,t3_ewwlpz
1586,fg50ekg,t3_ewon5a
1587,fg50eol,t3_ewv574
1588,fg50ep8,t3_ewnbdm
1589,fg50eq3,t3_ewwf6o
1590,fg50eqa,t3_ewwf6o
1591,fg50exr,t3_ewrstl
1592,fg50eym,t3_ewv574
1593,fg50eyy,t3_eui9ui
1594,fg50f1h,t3_ewwf6o
1595,fg50f1x,t3_ewwio6
1596,fg50f26,t3_ewwf6o
1597,fg50f28,t3_ewwf6o
1598,fg50f36,t3_ewwlpz
1599,fg50f6u,t3_ewiovg
1600,fg50f8v,t3_ewwect
1601,fg50fa8,t3_ewwlpz
1602,fg50fco,t3_ewon5a
1603,fg50fft,t3_ewv574
1604,fg50fia,t3_ewwf6o
1605,fg50fix,t3_ewv574
1606,fg50fj4,t3_ewwf6o
1607,fg50fjq,t3_ewnigu
1608,fg50fmp,t3_ewwf4o
1609,fg50fmt,t3_ewon5a
1610,fg50fn2,t3_ewwogd
1611,fg50fpr,t3_ewiovg
1612,fg50fth,t3_ewwlpz
1613,fg50fvl,t3_ewwgd0
1614,fg50fxa,t3_ewx3cs
1615,fg50fz3,t3_ewv574
1616,fg50fzn,t3_ewv574
1617,fg50g41,t3_eui9ui
1618,fg50g4q,t3_ewwio6
1619,fg50gcl,t3_ew83bl
1620,fg50gcz,t3_ewwlpz
1621,fg50gg4,t3_ewwf6o
1622,fg50ggl,t3_ewwf6o
1623,fg50gk9,t3_ewv574
1624,fg50gnn,t3_ewxhk0
1625,fg50gso,t3_ewsv7x
1626,fg50gta,t3_ewrstl
1627,fg50gti,t3_ewvm77
1628,fg50gvd,t3_ewwlpz
1629,fg50gve,t3_ewiovg
1630,fg50gvv,t3_ewv574
1631,fg50cot,t3_ewwlpz
1632,fg50cpv,t3_ewwf6o
1633,fg50cu5,t3_ewwlpz
1634,fg50czm,t3_evufxl
1635,fg50d06,t3_ewwlpz
1636,fg50deg,t3_ewir82
1637,fg50dfx,t3_ewv574
1638,fg50dgw,t3_ewwf6o
1639,fg50dgx,t3_ewwogd
1640,fg50dh4,t3_ewvm77
1641,fg50djs,t3_ewv574
1642,fg50dv4,t3_ewwf6o
1643,fg50dv8,t3_ewv574
1644,fg50dzw,t3_ewv574
1645,fg50e0l,t3_ewwlpz
1646,fg50e1d,t3_ewwswo
1647,fg50e5x,t3_ewwlpz
1648,fg50e64,t3_ewwf6o
1649,fg50e6n,t3_ewwlpz
1650,fg50e7b,t3_ewwf6o
1651,fg50e7q,t3_ewon5a
1652,fg50e8v,t3_ewwwyq
1653,fg50e9l,t3_ewo78l
1654,fg50edj,t3_ewwogd
1655,fg50eir,t3_ewwtrg
1656,fg50eiz,t3_ewwlpz
1657,fg50ekg,t3_ewon5a
1658,fg50eol,t3_ewv574
1659,fg50ep8,t3_ewnbdm
1660,fg50eq3,t3_ewwf6o
1661,fg50eqa,t3_ewwf6o
1662,fg50exr,t3_ewrstl
1663,fg50eym,t3_ewv574
1664,fg50eyy,t3_eui9ui
1665,fg50f1h,t3_ewwf6o
1666,fg50f1x,t3_ewwio6
1667,fg50f26,t3_ewwf6o
1668,fg50f28,t3_ewwf6o
1669,fg50f36,t3_ewwlpz
1670,fg50f6u,t3_ewiovg
1671,fg50f8v,t3_ewwect
1672,fg50fa8,t3_ewwlpz
1673,fg50fco,t3_ewon5a
1674,fg50fft,t3_ewv574
1675,fg50fia,t3_ewwf6o
1676,fg50fix,t3_ewv574
1677,fg50fj4,t3_ewwf6o
1678,fg50fjq,t3_ewnigu
1679,fg50fmp,t3_ewwf4o
1680,fg50fmt,t3_ewon5a
1681,fg50fn2,t3_ewwogd
1682,fg50fpr,t3_ewiovg
1683,fg50fth,t3_ewwlpz
1684,fg50fvl,t3_ewwgd0
1685,fg50fxa,t3_ewx3cs
1686,fg50fz3,t3_ewv574
1687,fg50fzn,t3_ewv574
1688,fg50g41,t3_eui9ui
1689,fg50g4q,t3_ewwio6
1690,fg50gcl,t3_ew83bl
1691,fg50gcz,t3_ewwlpz
1692,fg50gg4,t3_ewwf6o
1693,fg50ggl,t3_ewwf6o
1694,fg50gk9,t3_ewv574
1695,fg50gnn,t3_ewxhk0
1696,fg50gso,t3_ewsv7x
1697,fg50gta,t3_ewrstl
1698,fg50gti,t3_ewvm77
1699,fg50cot,t3_ewwlpz
1700,fg50cpv,t3_ewwf6o
1701,fg50cu5,t3_ewwlpz
1702,fg50czm,t3_evufxl
1703,fg50d06,t3_ewwlpz
1704,fg50deg,t3_ewir82
1705,fg50dfx,t3_ewv574
1706,fg50dgw,t3_ewwf6o
1707,fg50dgx,t3_ewwogd
1708,fg50dh4,t3_ewvm77
1709,fg50djs,t3_ewv574
1710,fg50dv4,t3_ewwf6o
1711,fg50dv8,t3_ewv574
1712,fg50dzw,t3_ewv574
1713,fg50e0l,t3_ewwlpz
1714,fg50e1d,t3_ewwswo
1715,fg50e5x,t3_ewwlpz
1716,fg50e64,t3_ewwf6o
1717,fg50e6n,t3_ewwlpz
1718,fg50e7b,t3_ewwf6o
1719,fg50e7q,t3_ewon5a
1720,fg50e8v,t3_ewwwyq
1721,fg50e9l,t3_ewo78l
1722,fg50edj,t3_ewwogd
1723,fg50eir,t3_ewwtrg
1724,fg50eiz,t3_ewwlpz
1725,fg50ekg,t3_ewon5a
1726,fg50eol,t3_ewv574
1727,fg50ep8,t3_ewnbdm
1728,fg50eq3,t3_ewwf6o
1729,fg50eqa,t3_ewwf6o
1730,fg50exr,t3_ewrstl
1731,fg50eym,t3_ewv574
1732,fg50eyy,t3_eui9ui
1733,fg50f1h,t3_ewwf6o
1734,fg50f1x,t3_ewwio6
1735,fg50f26,t3_ewwf6o
1736,fg50f28,t3_ewwf6o
1737,fg50f36,t3_ewwlpz
1738,fg50f6u,t3_ewiovg
1739,fg50f8v,t3_ewwect
1740,fg50fa8,t3_ewwlpz
1741,fg50fco,t3_ewon5a
1742,fg50fft,t3_ewv574
1743,fg50fia,t3_ewwf6o
1744,fg50fix,t3_ewv574
1745,fg50fj4,t3_ewwf6o
1746,fg50fjq,t3_ewnigu
1747,fg50fmp,t3_ewwf4o
1748,fg50fmt,t3_ewon5a
1749,fg50fn2,t3_ewwogd
1750,fg50fpr,t3_ewiovg
1751,fg50fth,t3_ewwlpz
1752,fg50fvl,t3_ewwgd0
1753,fg50fxa,t3_ewx3cs
1754,fg50fz3,t3_ewv574
1755,fg50fzn,t3_ewv574
1756,fg50g41,t3_eui9ui
1757,fg50g4q,t3_ewwio6
1758,fg50gcl,t3_ew83bl
1759,fg50gcz,t3_ewwlpz
1760,fg50gg4,t3_ewwf6o
1761,fg50ggl,t3_ewwf6o
1762,fg50gk9,t3_ewv574
1763,fg50gnn,t3_ewxhk0
1764,fg50gso,t3_ewsv7x
1765,fg50cot,t3_ewwlpz
1766,fg50cpv,t3_ewwf6o
1767,fg50cu5,t3_ewwlpz
1768,fg50czm,t3_evufxl
1769,fg50d06,t3_ewwlpz
1770,fg50deg,t3_ewir82
1771,fg50dfx,t3_ewv574
1772,fg50dgw,t3_ewwf6o
1773,fg50dgx,t3_ewwogd
1774,fg50dh4,t3_ewvm77
1775,fg50djs,t3_ewv574
1776,fg50dv4,t3_ewwf6o
1777,fg50dv8,t3_ewv574
1778,fg50dzw,t3_ewv574
1779,fg50e0l,t3_ewwlpz
1780,fg50e1d,t3_ewwswo
1781,fg50e5x,t3_ewwlpz
1782,fg50e64,t3_ewwf6o
1783,fg50e6n,t3_ewwlpz
1784,fg50e7b,t3_ewwf6o
1785,fg50e7q,t3_ewon5a
1786,fg50e8v,t3_ewwwyq
1787,fg50e9l,t3_ewo78l
1788,fg50edj,t3_ewwogd
1789,fg50eir,t3_ewwtrg
1790,fg50eiz,t3_ewwlpz
1791,fg50ekg,t3_ewon5a
1792,fg50eol,t3_ewv574
1793,fg50ep8,t3_ewnbdm
1794,fg50eq3,t3_ewwf6o
1795,fg50eqa,t3_ewwf6o
1796,fg50exr,t3_ewrstl
1797,fg50eym,t3_ewv574
1798,fg50eyy,t3_eui9ui
1799,fg50f1h,t3_ewwf6o
1800,fg50f1x,t3_ewwio6
1801,fg50f26,t3_ewwf6o
1802,fg50f28,t3_ewwf6o
1803,fg50f36,t3_ewwlpz
1804,fg50f6u,t3_ewiovg
1805,fg50f8v,t3_ewwect
1806,fg50fa8,t3_ewwlpz
1807,fg50fco,t3_ewon5a
1808,fg50fft,t3_ewv574
1809,fg50fia,t3_ewwf6o
1810,fg50fix,t3_ewv574
1811,fg50fj4,t3_ewwf6o
1812,fg50fjq,t3_ewnigu
1813,fg50fmp,t3_ewwf4o
1814,fg50fmt,t3_ewon5a
1815,fg50fn2,t3_ewwogd
1816,fg50fpr,t3_ewiovg
1817,fg50fth,t3_ewwlpz
1818,fg50fvl,t3_ewwgd0
1819,fg50fxa,t3_ewx3cs
1820,fg50fz3,t3_ewv574
1821,fg50fzn,t3_ewv574
1822,fg50g41,t3_eui9ui
1823,fg50g4q,t3_ewwio6
1824,fg50gcl,t3_ew83bl
1825,fg50gcz,t3_ewwlpz
1826,fg50gg4,t3_ewwf6o
1827,fg50ggl,t3_ewwf6o
1828,fg50gk9,t3_ewv574
1829,fg50gnn,t3_ewxhk0
1830,fg50cot,t3_ewwlpz
1831,fg50cpv,t3_ewwf6o
1832,fg50cu5,t3_ewwlpz
1833,fg50czm,t3_evufxl
1834,fg50d06,t3_ewwlpz
1835,fg50deg,t3_ewir82
1836,fg50dfx,t3_ewv574
1837,fg50dgw,t3_ewwf6o
1838,fg50dgx,t3_ewwogd
1839,fg50dh4,t3_ewvm77
1840,fg50djs,t3_ewv574
1841,fg50dv4,t3_ewwf6o
1842,fg50dv8,t3_ewv574
1843,fg50dzw,t3_ewv574
1844,fg50e0l,t3_ewwlpz
1845,fg50e1d,t3_ewwswo
1846,fg50e5x,t3_ewwlpz
1847,fg50e64,t3_ewwf6o
1848,fg50e6n,t3_ewwlpz
1849,fg50e7b,t3_ewwf6o
1850,fg50e7q,t3_ewon5a
1851,fg50e8v,t3_ewwwyq
1852,fg50e9l,t3_ewo78l
1853,fg50edj,t3_ewwogd
1854,fg50eir,t3_ewwtrg
1855,fg50eiz,t3_ewwlpz
1856,fg50ekg,t3_ewon5a
1857,fg50eol,t3_ewv574
1858,fg50ep8,t3_ewnbdm
1859,fg50eq3,t3_ewwf6o
1860,fg50eqa,t3_ewwf6o
1861,fg50exr,t3_ewrstl
1862,fg50eym,t3_ewv574
1863,fg50eyy,t3_eui9ui
1864,fg50f1h,t3_ewwf6o
1865,fg50f1x,t3_ewwio6
1866,fg50f26,t3_ewwf6o
1867,fg50f28,t3_ewwf6o
1868,fg50f36,t3_ewwlpz
1869,fg50f6u,t3_ewiovg
1870,fg50f8v,t3_ewwect
1871,fg50fa8,t3_ewwlpz
1872,fg50fco,t3_ewon5a
1873,fg50fft,t3_ewv574
1874,fg50fia,t3_ewwf6o
1875,fg50fix,t3_ewv574
1876,fg50fj4,t3_ewwf6o
1877,fg50fjq,t3_ewnigu
1878,fg50fmp,t3_ewwf4o
1879,fg50fmt,t3_ewon5a
1880,fg50fn2,t3_ewwogd
1881,fg50fpr,t3_ewiovg
1882,fg50fth,t3_ewwlpz
1883,fg50fvl,t3_ewwgd0
1884,fg50fxa,t3_ewx3cs
1885,fg50fz3,t3_ewv574
1886,fg50fzn,t3_ewv574
1887,fg50g41,t3_eui9ui
1888,fg50g4q,t3_ewwio6
1889,fg50gcl,t3_ew83bl
1890,fg50gcz,t3_ewwlpz
1891,fg50gg4,t3_ewwf6o
1892,fg50ggl,t3_ewwf6o
1893,fg50gk9,t3_ewv574
1894,fg50cot,t3_ewwlpz
1895,fg50cpv,t3_ewwf6o
1896,fg50cu5,t3_ewwlpz
1897,fg50czm,t3_evufxl
1898,fg50d06,t3_ewwlpz
1899,fg50deg,t3_ewir82
1900,fg50dfx,t3_ewv574
1901,fg50dgw,t3_ewwf6o
1902,fg50dgx,t3_ewwogd
1903,fg50dh4,t3_ewvm77
1904,fg50djs,t3_ewv574
1905,fg50dv4,t3_ewwf6o
1906,fg50dv8,t3_ewv574
1907,fg50dzw,t3_ewv574
1908,fg50e0l,t3_ewwlpz
1909,fg50e1d,t3_ewwswo
1910,fg50e5x,t3_ewwlpz
1911,fg50e64,t3_ewwf6o
1912,fg50e6n,t3_ewwlpz
1913,fg50e7b,t3_ewwf6o
1914,fg50e7q,t3_ewon5a
1915,fg50e8v,t3_ewwwyq
1916,fg50e9l,t3_ewo78l
1917,fg50edj,t3_ewwogd
1918,fg50eir,t3_ewwtrg
1919,fg50eiz,t3_ewwlpz
1920,fg50ekg,t3_ewon5a
1921,fg50eol,t3_ewv574
1922,fg50ep8,t3_ewnbdm
1923,fg50eq3,t3_ewwf6o
1924,fg50eqa,t3_ewwf6o
1925,fg50exr,t3_ewrstl
1926,fg50eym,t3_ewv574
1927,fg50eyy,t3_eui9ui
1928,fg50f1h,t3_ewwf6o
1929,fg50f1x,t3_ewwio6
1930,fg50f26,t3_ewwf6o
1931,fg50f28,t3_ewwf6o
1932,fg50f36,t3_ewwlpz
1933,fg50f6u,t3_ewiovg
1934,fg50f8v,t3_ewwect
1935,fg50fa8,t3_ewwlpz
1936,fg50fco,t3_ewon5a
1937,fg50fft,t3_ewv574
1938,fg50fia,t3_ewwf6o
1939,fg50fix,t3_ewv574
1940,fg50fj4,t3_ewwf6o
1941,fg50fjq,t3_ewnigu
1942,fg50fmp,t3_ewwf4o
1943,fg50fmt,t3_ewon5a
1944,fg50fn2,t3_ewwogd
1945,fg50fpr,t3_ewiovg
1946,fg50fth,t3_ewwlpz
1947,fg50fvl,t3_ewwgd0
1948,fg50fxa,t3_ewx3cs
1949,fg50fz3,t3_ewv574
1950,fg50fzn,t3_ewv574
1951,fg50g41,t3_eui9ui
1952,fg50g4q,t3_ewwio6
1953,fg50gcl,t3_ew83bl
1954,fg50gcz,t3_ewwlpz
1955,fg50gg4,t3_ewwf6o
1956,fg50ggl,t3_ewwf6o
1957,fg50cot,t3_ewwlpz
1958,fg50cpv,t3_ewwf6o
1959,fg50cu5,t3_ewwlpz
1960,fg50czm,t3_evufxl
1961,fg50d06,t3_ewwlpz
1962,fg50deg,t3_ewir82
1963,fg50dfx,t3_ewv574
1964,fg50dgw,t3_ewwf6o
1965,fg50dgx,t3_ewwogd
1966,fg50dh4,t3_ewvm77
1967,fg50djs,t3_ewv574
1968,fg50dv4,t3_ewwf6o
1969,fg50dv8,t3_ewv574
1970,fg50dzw,t3_ewv574
1971,fg50e0l,t3_ewwlpz
1972,fg50e1d,t3_ewwswo
1973,fg50e5x,t3_ewwlpz
1974,fg50e64,t3_ewwf6o
1975,fg50e6n,t3_ewwlpz
1976,fg50e7b,t3_ewwf6o
1977,fg50e7q,t3_ewon5a
1978,fg50e8v,t3_ewwwyq
1979,fg50e9l,t3_ewo78l
1980,fg50edj,t3_ewwogd
1981,fg50eir,t3_ewwtrg
1982,fg50eiz,t3_ewwlpz
1983,fg50ekg,t3_ewon5a
1984,fg50eol,t3_ewv574
1985,fg50ep8,t3_ewnbdm
1986,fg50eq3,t3_ewwf6o
1987,fg50eqa,t3_ewwf6o
1988,fg50exr,t3_ewrstl
1989,fg50eym,t3_ewv574
1990,fg50eyy,t3_eui9ui
1991,fg50f1h,t3_ewwf6o
1992,fg50f1x,t3_ewwio6
1993,fg50f26,t3_ewwf6o
1994,fg50f28,t3_ewwf6o
1995,fg50f36,t3_ewwlpz
1996,fg50f6u,t3_ewiovg
1997,fg50f8v,t3_ewwect
1998,fg50fa8,t3_ewwlpz
1999,fg50fco,t3_ewon5a
2000,fg50fft,t3_ewv574
2001,fg50fia,t3_ewwf6o
2002,fg50fix,t3_ewv574
2003,fg50fj4,t3_ewwf6o
2004,fg50fjq,t3_ewnigu
2005,fg50fmp,t3_ewwf4o
2006,fg50fmt,t3_ewon5a
2007,fg50fn2,t3_ewwogd
2008,fg50fpr,t3_ewiovg
2009,fg50fth,t3_ewwlpz
2010,fg50fvl,t3_ewwgd0
2011,fg50fxa,t3_ewx3cs
2012,fg50fz3,t3_ewv574
2013,fg50fzn,t3_ewv574
2014,fg50g41,t3_eui9ui
2015,fg50g4q,t3_ewwio6
2016,fg50gcl,t3_ew83bl
2017,fg50gcz,t3_ewwlpz
2018,fg50cot,t3_ewwlpz
2019,fg50cpv,t3_ewwf6o
2020,fg50cu5,t3_ewwlpz
2021,fg50czm,t3_evufxl
2022,fg50d06,t3_ewwlpz
2023,fg50deg,t3_ewir82
2024,fg50dfx,t3_ewv574
2025,fg50dgw,t3_ewwf6o
2026,fg50dgx,t3_ewwogd
2027,fg50dh4,t3_ewvm77
2028,fg50djs,t3_ewv574
2029,fg50dv4,t3_ewwf6o
2030,fg50dv8,t3_ewv574
2031,fg50dzw,t3_ewv574
2032,fg50e0l,t3_ewwlpz
2033,fg50e1d,t3_ewwswo
2034,fg50e5x,t3_ewwlpz
2035,fg50e64,t3_ewwf6o
2036,fg50e6n,t3_ewwlpz
2037,fg50e7b,t3_ewwf6o
2038,fg50e7q,t3_ewon5a
2039,fg50e8v,t3_ewwwyq
2040,fg50e9l,t3_ewo78l
2041,fg50edj,t3_ewwogd
2042,fg50eir,t3_ewwtrg
2043,fg50eiz,t3_ewwlpz
2044,fg50ekg,t3_ewon5a
2045,fg50eol,t3_ewv574
2046,fg50ep8,t3_ewnbdm
2047,fg50eq3,t3_ewwf6o
2048,fg50eqa,t3_ewwf6o
2049,fg50exr,t3_ewrstl
2050,fg50eym,t3_ewv574
2051,fg50eyy,t3_eui9ui
2052,fg50f1h,t3_ewwf6o
2053,fg50f1x,t3_ewwio6
2054,fg50f26,t3_ewwf6o
2055,fg50f28,t3_ewwf6o
2056,fg50f36,t3_ewwlpz
2057,fg50f6u,t3_ewiovg
2058,fg50f8v,t3_ewwect
2059,fg50fa8,t3_ewwlpz
2060,fg50fco,t3_ewon5a
2061,fg50fft,t3_ewv574
2062,fg50fia,t3_ewwf6o
2063,fg50fix,t3_ewv574
2064,fg50fj4,t3_ewwf6o
2065,fg50fjq,t3_ewnigu
2066,fg50fmp,t3_ewwf4o
2067,fg50fmt,t3_ewon5a
2068,fg50fn2,t3_ewwogd
2069,fg50fpr,t3_ewiovg
2070,fg50fth,t3_ewwlpz
2071,fg50fvl,t3_ewwgd0
2072,fg50fxa,t3_ewx3cs
2073,fg50fz3,t3_ewv574
2074,fg50fzn,t3_ewv574
2075,fg50g41,t3_eui9ui
2076,fg50g4q,t3_ewwio6
2077,fg50cot,t3_ewwlpz
2078,fg50cpv,t3_ewwf6o
2079,fg50cu5,t3_ewwlpz
2080,fg50czm,t3_evufxl
2081,fg50d06,t3_ewwlpz
2082,fg50deg,t3_ewir82
2083,fg50dfx,t3_ewv574
2084,fg50dgw,t3_ewwf6o
2085,fg50dgx,t3_ewwogd
2086,fg50dh4,t3_ewvm77
2087,fg50djs,t3_ewv574
2088,fg50dv4,t3_ewwf6o
2089,fg50dv8,t3_ewv574
2090,fg50dzw,t3_ewv574
2091,fg50e0l,t3_ewwlpz
2092,fg50e1d,t3_ewwswo
2093,fg50e5x,t3_ewwlpz
2094,fg50e64,t3_ewwf6o
2095,fg50e6n,t3_ewwlpz
2096,fg50e7b,t3_ewwf6o
2097,fg50e7q,t3_ewon5a
2098,fg50e8v,t3_ewwwyq
2099,fg50e9l,t3_ewo78l
2100,fg50edj,t3_ewwogd
2101,fg50eir,t3_ewwtrg
2102,fg50eiz,t3_ewwlpz
2103,fg50ekg,t3_ewon5a
2104,fg50eol,t3_ewv574
2105,fg50ep8,t3_ewnbdm
2106,fg50eq3,t3_ewwf6o
2107,fg50eqa,t3_ewwf6o
2108,fg50exr,t3_ewrstl
2109,fg50eym,t3_ewv574
2110,fg50eyy,t3_eui9ui
2111,fg50f1h,t3_ewwf6o
2112,fg50f1x,t3_ewwio6
2113,fg50f26,t3_ewwf6o
2114,fg50f28,t3_ewwf6o
2115,fg50f36,t3_ewwlpz
2116,fg50f6u,t3_ewiovg
2117,fg50f8v,t3_ewwect
2118,fg50fa8,t3_ewwlpz
2119,fg50fco,t3_ewon5a
2120,fg50fft,t3_ewv574
2121,fg50fia,t3_ewwf6o
2122,fg50fix,t3_ewv574
2123,fg50fj4,t3_ewwf6o
2124,fg50fjq,t3_ewnigu
2125,fg50fmp,t3_ewwf4o
2126,fg50fmt,t3_ewon5a
2127,fg50fn2,t3_ewwogd
2128,fg50fpr,t3_ewiovg
2129,fg50fth,t3_ewwlpz
2130,fg50fvl,t3_ewwgd0
2131,fg50fxa,t3_ewx3cs
2132,fg50fz3,t3_ewv574
2133,fg50fzn,t3_ewv574
2134,fg50cot,t3_ewwlpz
2135,fg50cpv,t3_ewwf6o
2136,fg50cu5,t3_ewwlpz
2137,fg50czm,t3_evufxl
2138,fg50d06,t3_ewwlpz
2139,fg50deg,t3_ewir82
2140,fg50dfx,t3_ewv574
2141,fg50dgw,t3_ewwf6o
2142,fg50dgx,t3_ewwogd
2143,fg50dh4,t3_ewvm77
2144,fg50djs,t3_ewv574
2145,fg50dv4,t3_ewwf6o
2146,fg50dv8,t3_ewv574
2147,fg50dzw,t3_ewv574
2148,fg50e0l,t3_ewwlpz
2149,fg50e1d,t3_ewwswo
2150,fg50e5x,t3_ewwlpz
2151,fg50e64,t3_ewwf6o
2152,fg50e6n,t3_ewwlpz
2153,fg50e7b,t3_ewwf6o
2154,fg50e7q,t3_ewon5a
2155,fg50e8v,t3_ewwwyq
2156,fg50e9l,t3_ewo78l
2157,fg50edj,t3_ewwogd
2158,fg50eir,t3_ewwtrg
2159,fg50eiz,t3_ewwlpz
2160,fg50ekg,t3_ewon5a
2161,fg50eol,t3_ewv574
2162,fg50ep8,t3_ewnbdm
2163,fg50eq3,t3_ewwf6o
2164,fg50eqa,t3_ewwf6o
2165,fg50exr,t3_ewrstl
2166,fg50eym,t3_ewv574
2167,fg50eyy,t3_eui9ui
2168,fg50f1h,t3_ewwf6o
2169,fg50f1x,t3_ewwio6
2170,fg50f26,t3_ewwf6o
2171,fg50f28,t3_ewwf6o
2172,fg50f36,t3_ewwlpz
2173,fg50f6u,t3_ewiovg
2174,fg50f8v,t3_ewwect
2175,fg50fa8,t3_ewwlpz
2176,fg50fco,t3_ewon5a
2177,fg50fft,t3_ewv574
2178,fg50fia,t3_ewwf6o
2179,fg50fix,t3_ewv574
2180,fg50fj4,t3_ewwf6o
2181,fg50fjq,t3_ewnigu
2182,fg50fmp,t3_ewwf4o
2183,fg50fmt,t3_ewon5a
2184,fg50fn2,t3_ewwogd
2185,fg50fpr,t3_ewiovg
2186,fg50fth,t3_ewwlpz
2187,fg50fvl,t3_ewwgd0
2188,fg50fxa,t3_ewx3cs
2189,fg50cot,t3_ewwlpz
2190,fg50cpv,t3_ewwf6o
2191,fg50cu5,t3_ewwlpz
2192,fg50czm,t3_evufxl
2193,fg50d06,t3_ewwlpz
2194,fg50deg,t3_ewir82
2195,fg50dfx,t3_ewv574
2196,fg50dgw,t3_ewwf6o
2197,fg50dgx,t3_ewwogd
2198,fg50dh4,t3_ewvm77
2199,fg50djs,t3_ewv574
2200,fg50dv4,t3_ewwf6o
2201,fg50dv8,t3_ewv574
2202,fg50dzw,t3_ewv574
2203,fg50e0l,t3_ewwlpz
2204,fg50e1d,t3_ewwswo
2205,fg50e5x,t3_ewwlpz
2206,fg50e64,t3_ewwf6o
2207,fg50e6n,t3_ewwlpz
2208,fg50e7b,t3_ewwf6o
2209,fg50e7q,t3_ewon5a
2210,fg50e8v,t3_ewwwyq
2211,fg50e9l,t3_ewo78l
2212,fg50edj,t3_ewwogd
2213,fg50eir,t3_ewwtrg
2214,fg50eiz,t3_ewwlpz
2215,fg50ekg,t3_ewon5a
2216,fg50eol,t3_ewv574
2217,fg50ep8,t3_ewnbdm
2218,fg50eq3,t3_ewwf6o
2219,fg50eqa,t3_ewwf6o
2220,fg50exr,t3_ewrstl
2221,fg50eym,t3_ewv574
2222,fg50eyy,t3_eui9ui
2223,fg50f1h,t3_ewwf6o
2224,fg50f1x,t3_ewwio6
2225,fg50f26,t3_ewwf6o
2226,fg50f28,t3_ewwf6o
2227,fg50f36,t3_ewwlpz
2228,fg50f6u,t3_ewiovg
2229,fg50f8v,t3_ewwect
2230,fg50fa8,t3_ewwlpz
2231,fg50fco,t3_ewon5a
2232,fg50fft,t3_ewv574
2233,fg50fia,t3_ewwf6o
2234,fg50fix,t3_ewv574
2235,fg50fj4,t3_ewwf6o
2236,fg50fjq,t3_ewnigu
2237,fg50fmp,t3_ewwf4o
2238,fg50fmt,t3_ewon5a
2239,fg50fn2,t3_ewwogd
2240,fg50fpr,t3_ewiovg
2241,fg50fth,t3_ewwlpz
2242,fg50fvl,t3_ewwgd0
2243,fg50cot,t3_ewwlpz
2244,fg50cpv,t3_ewwf6o
2245,fg50cu5,t3_ewwlpz
2246,fg50czm,t3_evufxl
2247,fg50d06,t3_ewwlpz
2248,fg50deg,t3_ewir82
2249,fg50dfx,t3_ewv574
2250,fg50dgw,t3_ewwf6o
2251,fg50dgx,t3_ewwogd
2252,fg50dh4,t3_ewvm77
2253,fg50djs,t3_ewv574
2254,fg50dv4,t3_ewwf6o
2255,fg50dv8,t3_ewv574
2256,fg50dzw,t3_ewv574
2257,fg50e0l,t3_ewwlpz
2258,fg50e1d,t3_ewwswo
2259,fg50e5x,t3_ewwlpz
2260,fg50e64,t3_ewwf6o
2261,fg50e6n,t3_ewwlpz
2262,fg50e7b,t3_ewwf6o
2263,fg50e7q,t3_ewon5a
2264,fg50e8v,t3_ewwwyq
2265,fg50e9l,t3_ewo78l
2266,fg50edj,t3_ewwogd
2267,fg50eir,t3_ewwtrg
2268,fg50eiz,t3_ewwlpz
2269,fg50ekg,t3_ewon5a
2270,fg50eol,t3_ewv574
2271,fg50ep8,t3_ewnbdm
2272,fg50eq3,t3_ewwf6o
2273,fg50eqa,t3_ewwf6o
2274,fg50exr,t3_ewrstl
2275,fg50eym,t3_ewv574
2276,fg50eyy,t3_eui9ui
2277,fg50f1h,t3_ewwf6o
2278,fg50f1x,t3_ewwio6
2279,fg50f26,t3_ewwf6o
2280,fg50f28,t3_ewwf6o
2281,fg50f36,t3_ewwlpz
2282,fg50f6u,t3_ewiovg
2283,fg50f8v,t3_ewwect
2284,fg50fa8,t3_ewwlpz
2285,fg50fco,t3_ewon5a
2286,fg50fft,t3_ewv574
2287,fg50fia,t3_ewwf6o
2288,fg50fix,t3_ewv574
2289,fg50fj4,t3_ewwf6o
2290,fg50fjq,t3_ewnigu
2291,fg50fmp,t3_ewwf4o
2292,fg50fmt,t3_ewon5a
2293,fg50fn2,t3_ewwogd
2294,fg50fpr,t3_ewiovg
2295,fg50fth,t3_ewwlpz
2296,fg50cot,t3_ewwlpz
2297,fg50cpv,t3_ewwf6o
2298,fg50cu5,t3_ewwlpz
2299,fg50czm,t3_evufxl
2300,fg50d06,t3_ewwlpz
2301,fg50deg,t3_ewir82
2302,fg50dfx,t3_ewv574
2303,fg50dgw,t3_ewwf6o
2304,fg50dgx,t3_ewwogd
2305,fg50dh4,t3_ewvm77
2306,fg50djs,t3_ewv574
2307,fg50dv4,t3_ewwf6o
2308,fg50dv8,t3_ewv574
2309,fg50dzw,t3_ewv574
2310,fg50e0l,t3_ewwlpz
2311,fg50e1d,t3_ewwswo
2312,fg50e5x,t3_ewwlpz
2313,fg50e64,t3_ewwf6o
2314,fg50e6n,t3_ewwlpz
2315,fg50e7b,t3_ewwf6o
2316,fg50e7q,t3_ewon5a
2317,fg50e8v,t3_ewwwyq
2318,fg50e9l,t3_ewo78l
2319,fg50edj,t3_ewwogd
2320,fg50eir,t3_ewwtrg
2321,fg50eiz,t3_ewwlpz
2322,fg50ekg,t3_ewon5a
2323,fg50eol,t3_ewv574
2324,fg50ep8,t3_ewnbdm
2325,fg50eq3,t3_ewwf6o
2326,fg50eqa,t3_ewwf6o
2327,fg50exr,t3_ewrstl
2328,fg50eym,t3_ewv574
2329,fg50eyy,t3_eui9ui
2330,fg50f1h,t3_ewwf6o
2331,fg50f1x,t3_ewwio6
2332,fg50f26,t3_ewwf6o
2333,fg50f28,t3_ewwf6o
2334,fg50f36,t3_ewwlpz
2335,fg50f6u,t3_ewiovg
2336,fg50f8v,t3_ewwect
2337,fg50fa8,t3_ewwlpz
2338,fg50fco,t3_ewon5a
2339,fg50fft,t3_ewv574
2340,fg50fia,t3_ewwf6o
2341,fg50fix,t3_ewv574
2342,fg50fj4,t3_ewwf6o
2343,fg50fjq,t3_ewnigu
2344,fg50fmp,t3_ewwf4o
2345,fg50fmt,t3_ewon5a
2346,fg50fn2,t3_ewwogd
2347,fg50fpr,t3_ewiovg
2348,fg50cot,t3_ewwlpz
2349,fg50cpv,t3_ewwf6o
2350,fg50cu5,t3_ewwlpz
2351,fg50czm,t3_evufxl
2352,fg50d06,t3_ewwlpz
2353,fg50deg,t3_ewir82
2354,fg50dfx,t3_ewv574
2355,fg50dgw,t3_ewwf6o
2356,fg50dgx,t3_ewwogd
2357,fg50dh4,t3_ewvm77
2358,fg50djs,t3_ewv574
2359,fg50dv4,t3_ewwf6o
2360,fg50dv8,t3_ewv574
2361,fg50dzw,t3_ewv574
2362,fg50e0l,t3_ewwlpz
2363,fg50e1d,t3_ewwswo
2364,fg50e5x,t3_ewwlpz
2365,fg50e64,t3_ewwf6o
2366,fg50e6n,t3_ewwlpz
2367,fg50e7b,t3_ewwf6o
2368,fg50e7q,t3_ewon5a
2369,fg50e8v,t3_ewwwyq
2370,fg50e9l,t3_ewo78l
2371,fg50edj,t3_ewwogd
2372,fg50eir,t3_ewwtrg
2373,fg50eiz,t3_ewwlpz
2374,fg50ekg,t3_ewon5a
2375,fg50eol,t3_ewv574
2376,fg50ep8,t3_ewnbdm
2377,fg50eq3,t3_ewwf6o
2378,fg50eqa,t3_ewwf6o
2379,fg50exr,t3_ewrstl
2380,fg50eym,t3_ewv574
2381,fg50eyy,t3_eui9ui
2382,fg50f1h,t3_ewwf6o
2383,fg50f1x,t3_ewwio6
2384,fg50f26,t3_ewwf6o
2385,fg50f28,t3_ewwf6o
2386,fg50f36,t3_ewwlpz
2387,fg50f6u,t3_ewiovg
2388,fg50f8v,t3_ewwect
2389,fg50fa8,t3_ewwlpz
2390,fg50fco,t3_ewon5a
2391,fg50fft,t3_ewv574
2392,fg50fia,t3_ewwf6o
2393,fg50fix,t3_ewv574
2394,fg50fj4,t3_ewwf6o
2395,fg50fjq,t3_ewnigu
2396,fg50fmp,t3_ewwf4o
2397,fg50fmt,t3_ewon5a
2398,fg50fn2,t3_ewwogd
2399,fg50cot,t3_ewwlpz
2400,fg50cpv,t3_ewwf6o
2401,fg50cu5,t3_ewwlpz
2402,fg50czm,t3_evufxl
2403,fg50d06,t3_ewwlpz
2404,fg50deg,t3_ewir82
2405,fg50dfx,t3_ewv574
2406,fg50dgw,t3_ewwf6o
2407,fg50dgx,t3_ewwogd
2408,fg50dh4,t3_ewvm77
2409,fg50djs,t3_ewv574
2410,fg50dv4,t3_ewwf6o
2411,fg50dv8,t3_ewv574
2412,fg50dzw,t3_ewv574
2413,fg50e0l,t3_ewwlpz
2414,fg50e1d,t3_ewwswo
2415,fg50e5x,t3_ewwlpz
2416,fg50e64,t3_ewwf6o
2417,fg50e6n,t3_ewwlpz
2418,fg50e7b,t3_ewwf6o
2419,fg50e7q,t3_ewon5a
2420,fg50e8v,t3_ewwwyq
2421,fg50e9l,t3_ewo78l
2422,fg50edj,t3_ewwogd
2423,fg50eir,t3_ewwtrg
2424,fg50eiz,t3_ewwlpz
2425,fg50ekg,t3_ewon5a
2426,fg50eol,t3_ewv574
2427,fg50ep8,t3_ewnbdm
2428,fg50eq3,t3_ewwf6o
2429,fg50eqa,t3_ewwf6o
2430,fg50exr,t3_ewrstl
2431,fg50eym,t3_ewv574
2432,fg50eyy,t3_eui9ui
2433,fg50f1h,t3_ewwf6o
2434,fg50f1x,t3_ewwio6
2435,fg50f26,t3_ewwf6o
2436,fg50f28,t3_ewwf6o
2437,fg50f36,t3_ewwlpz
2438,fg50f6u,t3_ewiovg
2439,fg50f8v,t3_ewwect
2440,fg50fa8,t3_ewwlpz
2441,fg50fco,t3_ewon5a
2442,fg50fft,t3_ewv574
2443,fg50fia,t3_ewwf6o
2444,fg50fix,t3_ewv574
2445,fg50fj4,t3_ewwf6o
2446,fg50fjq,t3_ewnigu
2447,fg50cot,t3_ewwlpz
2448,fg50cpv,t3_ewwf6o
2449,fg50cu5,t3_ewwlpz
2450,fg50czm,t3_evufxl
2451,fg50d06,t3_ewwlpz
2452,fg50deg,t3_ewir82
2453,fg50dfx,t3_ewv574
2454,fg50dgw,t3_ewwf6o
2455,fg50dgx,t3_ewwogd
2456,fg50dh4,t3_ewvm77
2457,fg50djs,t3_ewv574
2458,fg50dv4,t3_ewwf6o
2459,fg50dv8,t3_ewv574
2460,fg50dzw,t3_ewv574
2461,fg50e0l,t3_ewwlpz
2462,fg50e1d,t3_ewwswo
2463,fg50e5x,t3_ewwlpz
2464,fg50e64,t3_ewwf6o
2465,fg50e6n,t3_ewwlpz
2466,fg50e7b,t3_ewwf6o
2467,fg50e7q,t3_ewon5a
2468,fg50e8v,t3_ewwwyq
2469,fg50e9l,t3_ewo78l
2470,fg50edj,t3_ewwogd
2471,fg50eir,t3_ewwtrg
2472,fg50eiz,t3_ewwlpz
2473,fg50ekg,t3_ewon5a
2474,fg50eol,t3_ewv574
2475,fg50ep8,t3_ewnbdm
2476,fg50eq3,t3_ewwf6o
2477,fg50eqa,t3_ewwf6o
2478,fg50exr,t3_ewrstl
2479,fg50eym,t3_ewv574
2480,fg50eyy,t3_eui9ui
2481,fg50f1h,t3_ewwf6o
2482,fg50f1x,t3_ewwio6
2483,fg50f26,t3_ewwf6o
2484,fg50f28,t3_ewwf6o
2485,fg50f36,t3_ewwlpz
2486,fg50f6u,t3_ewiovg
2487,fg50f8v,t3_ewwect
2488,fg50fa8,t3_ewwlpz
2489,fg50fco,t3_ewon5a
2490,fg50fft,t3_ewv574
2491,fg50fia,t3_ewwf6o
2492,fg50cot,t3_ewwlpz
2493,fg50cpv,t3_ewwf6o
2494,fg50cu5,t3_ewwlpz
2495,fg50czm,t3_evufxl
2496,fg50d06,t3_ewwlpz
2497,fg50deg,t3_ewir82
2498,fg50dfx,t3_ewv574
2499,fg50dgw,t3_ewwf6o
2500,fg50dgx,t3_ewwogd
2501,fg50dh4,t3_ewvm77
2502,fg50djs,t3_ewv574
2503,fg50dv4,t3_ewwf6o
2504,fg50dv8,t3_ewv574
2505,fg50dzw,t3_ewv574
2506,fg50e0l,t3_ewwlpz
2507,fg50e1d,t3_ewwswo
2508,fg50e5x,t3_ewwlpz
2509,fg50e64,t3_ewwf6o
2510,fg50e6n,t3_ewwlpz
2511,fg50e7b,t3_ewwf6o
2512,fg50e7q,t3_ewon5a
2513,fg50e8v,t3_ewwwyq
2514,fg50e9l,t3_ewo78l
2515,fg50edj,t3_ewwogd
2516,fg50eir,t3_ewwtrg
2517,fg50eiz,t3_ewwlpz
2518,fg50ekg,t3_ewon5a
2519,fg50eol,t3_ewv574
2520,fg50ep8,t3_ewnbdm
2521,fg50eq3,t3_ewwf6o
2522,fg50eqa,t3_ewwf6o
2523,fg50exr,t3_ewrstl
2524,fg50eym,t3_ewv574
2525,fg50eyy,t3_eui9ui
2526,fg50f1h,t3_ewwf6o
2527,fg50f1x,t3_ewwio6
2528,fg50f26,t3_ewwf6o
2529,fg50f28,t3_ewwf6o
2530,fg50f36,t3_ewwlpz
2531,fg50f6u,t3_ewiovg
2532,fg50f8v,t3_ewwect
2533,fg50fa8,t3_ewwlpz
2534,fg50fco,t3_ewon5a
2535,fg50fft,t3_ewv574
2536,fg50cot,t3_ewwlpz
2537,fg50cpv,t3_ewwf6o
2538,fg50cu5,t3_ewwlpz
2539,fg50czm,t3_evufxl
2540,fg50d06,t3_ewwlpz
2541,fg50deg,t3_ewir82
2542,fg50dfx,t3_ewv574
2543,fg50dgw,t3_ewwf6o
2544,fg50dgx,t3_ewwogd
2545,fg50dh4,t3_ewvm77
2546,fg50djs,t3_ewv574
2547,fg50dv4,t3_ewwf6o
2548,fg50dv8,t3_ewv574
2549,fg50dzw,t3_ewv574
2550,fg50e0l,t3_ewwlpz
2551,fg50e1d,t3_ewwswo
2552,fg50e5x,t3_ewwlpz
2553,fg50e64,t3_ewwf6o
2554,fg50e6n,t3_ewwlpz
2555,fg50e7b,t3_ewwf6o
2556,fg50e7q,t3_ewon5a
2557,fg50e8v,t3_ewwwyq
2558,fg50e9l,t3_ewo78l
2559,fg50edj,t3_ewwogd
2560,fg50eir,t3_ewwtrg
2561,fg50eiz,t3_ewwlpz
2562,fg50ekg,t3_ewon5a
2563,fg50eol,t3_ewv574
2564,fg50ep8,t3_ewnbdm
2565,fg50eq3,t3_ewwf6o
2566,fg50eqa,t3_ewwf6o
2567,fg50exr,t3_ewrstl
2568,fg50eym,t3_ewv574
2569,fg50eyy,t3_eui9ui
2570,fg50f1h,t3_ewwf6o
2571,fg50f1x,t3_ewwio6
2572,fg50f26,t3_ewwf6o
2573,fg50f28,t3_ewwf6o
2574,fg50f36,t3_ewwlpz
2575,fg50f6u,t3_ewiovg
2576,fg50f8v,t3_ewwect
2577,fg50fa8,t3_ewwlpz
2578,fg50fco,t3_ewon5a
2579,fg50cot,t3_ewwlpz
2580,fg50cpv,t3_ewwf6o
2581,fg50cu5,t3_ewwlpz
2582,fg50czm,t3_evufxl
2583,fg50d06,t3_ewwlpz
2584,fg50deg,t3_ewir82
2585,fg50dfx,t3_ewv574
2586,fg50dgw,t3_ewwf6o
2587,fg50dgx,t3_ewwogd
2588,fg50dh4,t3_ewvm77
2589,fg50djs,t3_ewv574
2590,fg50dv4,t3_ewwf6o
2591,fg50dv8,t3_ewv574
2592,fg50dzw,t3_ewv574
2593,fg50e0l,t3_ewwlpz
2594,fg50e1d,t3_ewwswo
2595,fg50e5x,t3_ewwlpz
2596,fg50e64,t3_ewwf6o
2597,fg50e6n,t3_ewwlpz
2598,fg50e7b,t3_ewwf6o
2599,fg50e7q,t3_ewon5a
2600,fg50e8v,t3_ewwwyq
2601,fg50e9l,t3_ewo78l
2602,fg50edj,t3_ewwogd
2603,fg50eir,t3_ewwtrg
2604,fg50eiz,t3_ewwlpz
2605,fg50ekg,t3_ewon5a
2606,fg50eol,t3_ewv574
2607,fg50ep8,t3_ewnbdm
2608,fg50eq3,t3_ewwf6o
2609,fg50eqa,t3_ewwf6o
2610,fg50exr,t3_ewrstl
2611,fg50eym,t3_ewv574
2612,fg50eyy,t3_eui9ui
2613,fg50f1h,t3_ewwf6o
2614,fg50f1x,t3_ewwio6
2615,fg50f26,t3_ewwf6o
2616,fg50f28,t3_ewwf6o
2617,fg50f36,t3_ewwlpz
2618,fg50f6u,t3_ewiovg
2619,fg50f8v,t3_ewwect
2620,fg50fa8,t3_ewwlpz
2621,fg50cot,t3_ewwlpz
2622,fg50cpv,t3_ewwf6o
2623,fg50cu5,t3_ewwlpz
2624,fg50czm,t3_evufxl
2625,fg50d06,t3_ewwlpz
2626,fg50deg,t3_ewir82
2627,fg50dfx,t3_ewv574
2628,fg50dgw,t3_ewwf6o
2629,fg50dgx,t3_ewwogd
2630,fg50dh4,t3_ewvm77
2631,fg50djs,t3_ewv574
2632,fg50dv4,t3_ewwf6o
2633,fg50dv8,t3_ewv574
2634,fg50dzw,t3_ewv574
2635,fg50e0l,t3_ewwlpz
2636,fg50e1d,t3_ewwswo
2637,fg50e5x,t3_ewwlpz
2638,fg50e64,t3_ewwf6o
2639,fg50e6n,t3_ewwlpz
2640,fg50e7b,t3_ewwf6o
2641,fg50e7q,t3_ewon5a
2642,fg50e8v,t3_ewwwyq
2643,fg50e9l,t3_ewo78l
2644,fg50edj,t3_ewwogd
2645,fg50eir,t3_ewwtrg
2646,fg50eiz,t3_ewwlpz
2647,fg50ekg,t3_ewon5a
2648,fg50eol,t3_ewv574
2649,fg50ep8,t3_ewnbdm
2650,fg50eq3,t3_ewwf6o
2651,fg50eqa,t3_ewwf6o
2652,fg50exr,t3_ewrstl
2653,fg50eym,t3_ewv574
2654,fg50eyy,t3_eui9ui
2655,fg50f1h,t3_ewwf6o
2656,fg50f1x,t3_ewwio6
2657,fg50f26,t3_ewwf6o
2658,fg50f28,t3_ewwf6o
2659,fg50f36,t3_ewwlpz
2660,fg50f6u,t3_ewiovg
2661,fg50cot,t3_ewwlpz
2662,fg50cpv,t3_ewwf6o
2663,fg50cu5,t3_ewwlpz
2664,fg50czm,t3_evufxl
2665,fg50d06,t3_ewwlpz
2666,fg50deg,t3_ewir82
2667,fg50dfx,t3_ewv574
2668,fg50dgw,t3_ewwf6o
2669,fg50dgx,t3_ewwogd
2670,fg50dh4,t3_ewvm77
2671,fg50djs,t3_ewv574
2672,fg50dv4,t3_ewwf6o
2673,fg50dv8,t3_ewv574
2674,fg50dzw,t3_ewv574
2675,fg50e0l,t3_ewwlpz
2676,fg50e1d,t3_ewwswo
2677,fg50e5x,t3_ewwlpz
2678,fg50e64,t3_ewwf6o
2679,fg50e6n,t3_ewwlpz
2680,fg50e7b,t3_ewwf6o
2681,fg50e7q,t3_ewon5a
2682,fg50e8v,t3_ewwwyq
2683,fg50e9l,t3_ewo78l
2684,fg50edj,t3_ewwogd
2685,fg50eir,t3_ewwtrg
2686,fg50eiz,t3_ewwlpz
2687,fg50ekg,t3_ewon5a
2688,fg50eol,t3_ewv574
2689,fg50ep8,t3_ewnbdm
2690,fg50eq3,t3_ewwf6o
2691,fg50eqa,t3_ewwf6o
2692,fg50exr,t3_ewrstl
2693,fg50eym,t3_ewv574
2694,fg50eyy,t3_eui9ui
2695,fg50f1h,t3_ewwf6o
2696,fg50f1x,t3_ewwio6
2697,fg50f26,t3_ewwf6o
2698,fg50f28,t3_ewwf6o
2699,fg50f36,t3_ewwlpz
2700,fg50cot,t3_ewwlpz
2701,fg50cpv,t3_ewwf6o
2702,fg50cu5,t3_ewwlpz
2703,fg50czm,t3_evufxl
2704,fg50d06,t3_ewwlpz
2705,fg50deg,t3_ewir82
2706,fg50dfx,t3_ewv574
2707,fg50dgw,t3_ewwf6o
2708,fg50dgx,t3_ewwogd
2709,fg50dh4,t3_ewvm77
2710,fg50djs,t3_ewv574
2711,fg50dv4,t3_ewwf6o
2712,fg50dv8,t3_ewv574
2713,fg50dzw,t3_ewv574
2714,fg50e0l,t3_ewwlpz
2715,fg50e1d,t3_ewwswo
2716,fg50e5x,t3_ewwlpz
2717,fg50e64,t3_ewwf6o
2718,fg50e6n,t3_ewwlpz
2719,fg50e7b,t3_ewwf6o
2720,fg50e7q,t3_ewon5a
2721,fg50e8v,t3_ewwwyq
2722,fg50e9l,t3_ewo78l
2723,fg50edj,t3_ewwogd
2724,fg50eir,t3_ewwtrg
2725,fg50eiz,t3_ewwlpz
2726,fg50ekg,t3_ewon5a
2727,fg50eol,t3_ewv574
2728,fg50ep8,t3_ewnbdm
2729,fg50eq3,t3_ewwf6o
2730,fg50eqa,t3_ewwf6o
2731,fg50exr,t3_ewrstl
2732,fg50eym,t3_ewv574
2733,fg50eyy,t3_eui9ui
2734,fg50f1h,t3_ewwf6o
2735,fg50f1x,t3_ewwio6
2736,fg50f26,t3_ewwf6o
2737,fg50f28,t3_ewwf6o
2738,fg50cot,t3_ewwlpz
2739,fg50cpv,t3_ewwf6o
2740,fg50cu5,t3_ewwlpz
2741,fg50czm,t3_evufxl
2742,fg50d06,t3_ewwlpz
2743,fg50deg,t3_ewir82
2744,fg50dfx,t3_ewv574
2745,fg50dgw,t3_ewwf6o
2746,fg50dgx,t3_ewwogd
2747,fg50dh4,t3_ewvm77
2748,fg50djs,t3_ewv574
2749,fg50dv4,t3_ewwf6o
2750,fg50dv8,t3_ewv574
2751,fg50dzw,t3_ewv574
2752,fg50e0l,t3_ewwlpz
2753,fg50e1d,t3_ewwswo
2754,fg50e5x,t3_ewwlpz
2755,fg50e64,t3_ewwf6o
2756,fg50e6n,t3_ewwlpz
2757,fg50e7b,t3_ewwf6o
2758,fg50e7q,t3_ewon5a
2759,fg50e8v,t3_ewwwyq
2760,fg50e9l,t3_ewo78l
2761,fg50edj,t3_ewwogd
2762,fg50eir,t3_ewwtrg
2763,fg50eiz,t3_ewwlpz
2764,fg50ekg,t3_ewon5a
2765,fg50eol,t3_ewv574
2766,fg50ep8,t3_ewnbdm
2767,fg50eq3,t3_ewwf6o
2768,fg50eqa,t3_ewwf6o
2769,fg50exr,t3_ewrstl
2770,fg50eym,t3_ewv574
2771,fg50eyy,t3_eui9ui
2772,fg50cot,t3_ewwlpz
2773,fg50cpv,t3_ewwf6o
2774,fg50cu5,t3_ewwlpz
2775,fg50czm,t3_evufxl
2776,fg50d06,t3_ewwlpz
2777,fg50deg,t3_ewir82
2778,fg50dfx,t3_ewv574
2779,fg50dgw,t3_ewwf6o
2780,fg50dgx,t3_ewwogd
2781,fg50dh4,t3_ewvm77
2782,fg50djs,t3_ewv574
2783,fg50dv4,t3_ewwf6o
2784,fg50dv8,t3_ewv574
2785,fg50dzw,t3_ewv574
2786,fg50e0l,t3_ewwlpz
2787,fg50e1d,t3_ewwswo
2788,fg50e5x,t3_ewwlpz
2789,fg50e64,t3_ewwf6o
2790,fg50e6n,t3_ewwlpz
2791,fg50e7b,t3_ewwf6o
2792,fg50e7q,t3_ewon5a
2793,fg50e8v,t3_ewwwyq
2794,fg50e9l,t3_ewo78l
2795,fg50edj,t3_ewwogd
2796,fg50eir,t3_ewwtrg
2797,fg50eiz,t3_ewwlpz
2798,fg50ekg,t3_ewon5a
2799,fg50eol,t3_ewv574
2800,fg50ep8,t3_ewnbdm
2801,fg50eq3,t3_ewwf6o
2802,fg50eqa,t3_ewwf6o
2803,fg50exr,t3_ewrstl
2804,fg50cot,t3_ewwlpz
2805,fg50cpv,t3_ewwf6o
2806,fg50cu5,t3_ewwlpz
2807,fg50czm,t3_evufxl
2808,fg50d06,t3_ewwlpz
2809,fg50deg,t3_ewir82
2810,fg50dfx,t3_ewv574
2811,fg50dgw,t3_ewwf6o
2812,fg50dgx,t3_ewwogd
2813,fg50dh4,t3_ewvm77
2814,fg50djs,t3_ewv574
2815,fg50dv4,t3_ewwf6o
2816,fg50dv8,t3_ewv574
2817,fg50dzw,t3_ewv574
2818,fg50e0l,t3_ewwlpz
2819,fg50e1d,t3_ewwswo
2820,fg50e5x,t3_ewwlpz
2821,fg50e64,t3_ewwf6o
2822,fg50e6n,t3_ewwlpz
2823,fg50e7b,t3_ewwf6o
2824,fg50e7q,t3_ewon5a
2825,fg50e8v,t3_ewwwyq
2826,fg50e9l,t3_ewo78l
2827,fg50edj,t3_ewwogd
2828,fg50eir,t3_ewwtrg
2829,fg50eiz,t3_ewwlpz
2830,fg50ekg,t3_ewon5a
2831,fg50eol,t3_ewv574
2832,fg50ep8,t3_ewnbdm
2833,fg50eq3,t3_ewwf6o
2834,fg50eqa,t3_ewwf6o
2835,fg50cot,t3_ewwlpz
2836,fg50cpv,t3_ewwf6o
2837,fg50cu5,t3_ewwlpz
2838,fg50czm,t3_evufxl
2839,fg50d06,t3_ewwlpz
2840,fg50deg,t3_ewir82
2841,fg50dfx,t3_ewv574
2842,fg50dgw,t3_ewwf6o
2843,fg50dgx,t3_ewwogd
2844,fg50dh4,t3_ewvm77
2845,fg50djs,t3_ewv574
2846,fg50dv4,t3_ewwf6o
2847,fg50dv8,t3_ewv574
2848,fg50dzw,t3_ewv574
2849,fg50e0l,t3_ewwlpz
2850,fg50e1d,t3_ewwswo
2851,fg50e5x,t3_ewwlpz
2852,fg50e64,t3_ewwf6o
2853,fg50e6n,t3_ewwlpz
2854,fg50e7b,t3_ewwf6o
2855,fg50e7q,t3_ewon5a
2856,fg50e8v,t3_ewwwyq
2857,fg50e9l,t3_ewo78l
2858,fg50edj,t3_ewwogd
2859,fg50eir,t3_ewwtrg
2860,fg50eiz,t3_ewwlpz
2861,fg50ekg,t3_ewon5a
2862,fg50eol,t3_ewv574
2863,fg50cot,t3_ewwlpz
2864,fg50cpv,t3_ewwf6o
2865,fg50cu5,t3_ewwlpz
2866,fg50czm,t3_evufxl
2867,fg50d06,t3_ewwlpz
2868,fg50deg,t3_ewir82
2869,fg50dfx,t3_ewv574
2870,fg50dgw,t3_ewwf6o
2871,fg50dgx,t3_ewwogd
2872,fg50dh4,t3_ewvm77
2873,fg50djs,t3_ewv574
2874,fg50dv4,t3_ewwf6o
2875,fg50dv8,t3_ewv574
2876,fg50dzw,t3_ewv574
2877,fg50e0l,t3_ewwlpz
2878,fg50e1d,t3_ewwswo
2879,fg50e5x,t3_ewwlpz
2880,fg50e64,t3_ewwf6o
2881,fg50e6n,t3_ewwlpz
2882,fg50e7b,t3_ewwf6o
2883,fg50e7q,t3_ewon5a
2884,fg50e8v,t3_ewwwyq
2885,fg50e9l,t3_ewo78l
2886,fg50edj,t3_ewwogd
2887,fg50eir,t3_ewwtrg
2888,fg50eiz,t3_ewwlpz
2889,fg50ekg,t3_ewon5a
2890,fg50cot,t3_ewwlpz
2891,fg50cpv,t3_ewwf6o
2892,fg50cu5,t3_ewwlpz
2893,fg50czm,t3_evufxl
2894,fg50d06,t3_ewwlpz
2895,fg50deg,t3_ewir82
2896,fg50dfx,t3_ewv574
2897,fg50dgw,t3_ewwf6o
2898,fg50dgx,t3_ewwogd
2899,fg50dh4,t3_ewvm77
2900,fg50djs,t3_ewv574
2901,fg50dv4,t3_ewwf6o
2902,fg50dv8,t3_ewv574
2903,fg50dzw,t3_ewv574
2904,fg50e0l,t3_ewwlpz
2905,fg50e1d,t3_ewwswo
2906,fg50e5x,t3_ewwlpz
2907,fg50e64,t3_ewwf6o
2908,fg50e6n,t3_ewwlpz
2909,fg50e7b,t3_ewwf6o
2910,fg50e7q,t3_ewon5a
2911,fg50e8v,t3_ewwwyq
2912,fg50e9l,t3_ewo78l
2913,fg50edj,t3_ewwogd
2914,fg50cot,t3_ewwlpz
2915,fg50cpv,t3_ewwf6o
2916,fg50cu5,t3_ewwlpz
2917,fg50czm,t3_evufxl
2918,fg50d06,t3_ewwlpz
2919,fg50deg,t3_ewir82
2920,fg50dfx,t3_ewv574
2921,fg50dgw,t3_ewwf6o
2922,fg50dgx,t3_ewwogd
2923,fg50dh4,t3_ewvm77
2924,fg50djs,t3_ewv574
2925,fg50dv4,t3_ewwf6o
2926,fg50dv8,t3_ewv574
2927,fg50dzw,t3_ewv574
2928,fg50e0l,t3_ewwlpz
2929,fg50e1d,t3_ewwswo
2930,fg50e5x,t3_ewwlpz
2931,fg50e64,t3_ewwf6o
2932,fg50e6n,t3_ewwlpz
2933,fg50e7b,t3_ewwf6o
2934,fg50e7q,t3_ewon5a
2935,fg50e8v,t3_ewwwyq
2936,fg50e9l,t3_ewo78l
2937,fg50cot,t3_ewwlpz
2938,fg50cpv,t3_ewwf6o
2939,fg50cu5,t3_ewwlpz
2940,fg50czm,t3_evufxl
2941,fg50d06,t3_ewwlpz
2942,fg50deg,t3_ewir82
2943,fg50dfx,t3_ewv574
2944,fg50dgw,t3_ewwf6o
2945,fg50dgx,t3_ewwogd
2946,fg50dh4,t3_ewvm77
2947,fg50djs,t3_ewv574
2948,fg50dv4,t3_ewwf6o
2949,fg50dv8,t3_ewv574
2950,fg50dzw,t3_ewv574
2951,fg50e0l,t3_ewwlpz
2952,fg50e1d,t3_ewwswo
2953,fg50e5x,t3_ewwlpz
2954,fg50e64,t3_ewwf6o
2955,fg50e6n,t3_ewwlpz
2956,fg50e7b,t3_ewwf6o
2957,fg50e7q,t3_ewon5a
2958,fg50cot,t3_ewwlpz
2959,fg50cpv,t3_ewwf6o
2960,fg50cu5,t3_ewwlpz
2961,fg50czm,t3_evufxl
2962,fg50d06,t3_ewwlpz
2963,fg50deg,t3_ewir82
2964,fg50dfx,t3_ewv574
2965,fg50dgw,t3_ewwf6o
2966,fg50dgx,t3_ewwogd
2967,fg50dh4,t3_ewvm77
2968,fg50djs,t3_ewv574
2969,fg50dv4,t3_ewwf6o
2970,fg50dv8,t3_ewv574
2971,fg50dzw,t3_ewv574
2972,fg50e0l,t3_ewwlpz
2973,fg50e1d,t3_ewwswo
2974,fg50e5x,t3_ewwlpz
2975,fg50e64,t3_ewwf6o
2976,fg50e6n,t3_ewwlpz
2977,fg50cot,t3_ewwlpz
2978,fg50cpv,t3_ewwf6o
2979,fg50cu5,t3_ewwlpz
2980,fg50czm,t3_evufxl
2981,fg50d06,t3_ewwlpz
2982,fg50deg,t3_ewir82
2983,fg50dfx,t3_ewv574
2984,fg50dgw,t3_ewwf6o
2985,fg50dgx,t3_ewwogd
2986,fg50dh4,t3_ewvm77
2987,fg50djs,t3_ewv574
2988,fg50dv4,t3_ewwf6o
2989,fg50dv8,t3_ewv574
2990,fg50dzw,t3_ewv574
2991,fg50e0l,t3_ewwlpz
2992,fg50e1d,t3_ewwswo
2993,fg50cot,t3_ewwlpz
2994,fg50cpv,t3_ewwf6o
2995,fg50cu5,t3_ewwlpz
2996,fg50czm,t3_evufxl
2997,fg50d06,t3_ewwlpz
2998,fg50deg,t3_ewir82
2999,fg50dfx,t3_ewv574
3000,fg50dgw,t3_ewwf6o
3001,fg50dgx,t3_ewwogd
3002,fg50dh4,t3_ewvm77
3003,fg50djs,t3_ewv574
3004,fg50dv4,t3_ewwf6o
3005,fg50dv8,t3_ewv574
3006,fg50dzw,t3_ewv574
3007,fg50e0l,t3_ewwlpz
3008,fg50cot,t3_ewwlpz
3009,fg50cpv,t3_ewwf6o
3010,fg50cu5,t3_ewwlpz
3011,fg50czm,t3_evufxl
3012,fg50d06,t3_ewwlpz
3013,fg50deg,t3_ewir82
3014,fg50dfx,t3_ewv574
3015,fg50dgw,t3_ewwf6o
3016,fg50dgx,t3_ewwogd
3017,fg50dh4,t3_ewvm77
3018,fg50djs,t3_ewv574
3019,fg50dv4,t3_ewwf6o
3020,fg50dv8,t3_ewv574
3021,fg50cot,t3_ewwlpz
3022,fg50cpv,t3_ewwf6o
3023,fg50cu5,t3_ewwlpz
3024,fg50czm,t3_evufxl
3025,fg50d06,t3_ewwlpz
3026,fg50deg,t3_ewir82
3027,fg50dfx,t3_ewv574
3028,fg50dgw,t3_ewwf6o
3029,fg50dgx,t3_ewwogd
3030,fg50dh4,t3_ewvm77
3031,fg50djs,t3_ewv574
3032,fg50dv4,t3_ewwf6o
3033,fg50cot,t3_ewwlpz
3034,fg50cpv,t3_ewwf6o
3035,fg50cu5,t3_ewwlpz
3036,fg50czm,t3_evufxl
3037,fg50d06,t3_ewwlpz
3038,fg50deg,t3_ewir82
3039,fg50dfx,t3_ewv574
3040,fg50dgw,t3_ewwf6o
3041,fg50dgx,t3_ewwogd
3042,fg50dh4,t3_ewvm77
3043,fg50djs,t3_ewv574
3044,fg50cot,t3_ewwlpz
3045,fg50cpv,t3_ewwf6o
3046,fg50cu5,t3_ewwlpz
3047,fg50czm,t3_evufxl
3048,fg50d06,t3_ewwlpz
3049,fg50deg,t3_ewir82
3050,fg50dfx,t3_ewv574
3051,fg50dgw,t3_ewwf6o
3052,fg50dgx,t3_ewwogd
3053,fg50dh4,t3_ewvm77
3054,fg50cot,t3_ewwlpz
3055,fg50cpv,t3_ewwf6o
3056,fg50cu5,t3_ewwlpz
3057,fg50czm,t3_evufxl
3058,fg50d06,t3_ewwlpz
3059,fg50deg,t3_ewir82
3060,fg50cot,t3_ewwlpz
3061,fg50cpv,t3_ewwf6o
3062,fg50cu5,t3_ewwlpz
3063,fg50czm,t3_evufxl
3064,fg50d06,t3_ewwlpz
3065,fg50cot,t3_ewwlpz
3066,fg50cpv,t3_ewwf6o
3067,fg50cu5,t3_ewwlpz
3068,fg50czm,t3_evufxl
3069,fg50cot,t3_ewwlpz
3070,fg50cpv,t3_ewwf6o
3071,fg50cu5,t3_ewwlpz
3072,fg50cot,t3_ewwlpz
3073,fg50cpv,t3_ewwf6o
3074,fg50cot,t3_ewwlpz
